;taxon_id;isfs;species;code_ws;status;num_obs;years_min;years_max;douteuse
0;1000000;100.0;Abies alba Mill.;Fréquent;Indigène;9;1955;2020;
1;1000020;150.0;Abutilon theophrasti Medik.;-;Néophyte;1;2018;2018;
2;1000070;300.0;Acer campestre L.;Fréquent;Indigène;32;1953;2020;
3;1000110;600.0;Acer opalus Mill.;Fréquent;Indigène;26;1901;2020;
4;1000120;700.0;Acer platanoides L.;Fréquent;Indigène;24;1982;2020;
5;1000130;800.0;Acer pseudoplatanus L.;Fréquent;Indigène;33;1982;2020;
6;1000160;900.0;Aceras anthropophorum (L.) W. T. Aiton;Littérature;Indigène;5;1946;2002;
7;1000330;1700.0;Achillea millefolium L.;Fréquent;Indigène;8;1982;2020;
8;1000320;1706.0;Achillea millefolium aggr.;Fréquent;Indigène;30;1982;2020;
9;1000370;2000.0;Achillea nobilis L.;-;Indigène;1;1892;1892;
10;1000450;2700.0;Achnatherum calamagrostis (L.) P. Beauv.;Fréquent;Indigène;3;1982;2012;
11;1000460;2800.0;Acinos alpinus (L.) Moench;Suppl. de 1994;Indigène;1;1994;2015;
12;1000470;2900.0;Acinos arvensis (Lam.) Dandy;Fréquent;Indigène;20;1982;2020;
13;1000730;5200.0;Actaea spicata L.;Fréquent;Indigène;2;1982;2010;
14;1000820;5800.0;Adonis aestivalis L.;Herbier;Indigène;0;1966;1966;
15;1000880;6300.0;Adoxa moschatellina L.;Fréquent;Indigène;1;1982;2020;
16;1000930;6800.0;Aegopodium podagraria L.;Fréquent;Indigène;10;1982;2020;
17;1000940;6900.0;Aesculus hippocastanum L.;-;Néophyte;6;2006;2018;
18;1000990;7200.0;Aethusa cynapium L.;Fréquent;Indigène;5;1982;2017;
19;1001010;7400.0;Agrimonia eupatoria L.;Fréquent;Indigène;8;1982;2018;
20;1001080;8600.0;Agrostis capillaris L.;Fréquent;Indigène;7;1982;2014;
21;1001130;9300.0;Agrostis stolonifera L.;Fréquent;Indigène;8;1982;2018;
22;1001150;9500.0;Ailanthus altissima (Mill.) Swingle;-;Néophyte;15;2003;2020;
23;1001210;10200.0;Ajuga genevensis L.;Fréquent;Indigène;8;1982;2015;
24;1001230;10400.0;Ajuga reptans L.;Fréquent;Indigène;22;1955;2021;
25;1001270;10500.0;Alcea rosea L.;-;Subspontané;1;2019;2019;
26;1001740;15000.0;Alchemilla glabra aggr.;Fréquent;Indigène;0;1982;1982;
27;1002440;21100.0;Alchemilla vulgaris aggr.;-;Indigène;6;2006;2014;
28;1002470;21300.0;Alchemilla xanthochlora Rothm.;-;Indigène;1;2006;2006;
29;1002510;21900.0;Alisma plantago-aquatica L.;Herbier;Indigène;4;1903;2020;
30;1002520;22100.0;Alliaria petiolata (M. Bieb.) Cavara & Grande;Fréquent;Indigène;36;1982;2021;
31;1002540;22200.0;Allium angulosum L.;Littérature;Indigène;1;1902;1966;
32;1002560;22350.0;Allium carinatum L.;Fréquent;Indigène;2;1982;2015;
33;1002570;22400.0;Allium carinatum L. subsp. carinatum;Fréquent;Indigène;0;1982;1982;
34;1002680;23600.0;Allium oleraceum L.;Fréquent;Indigène;10;1982;2020;
35;1002760;24500.0;Allium sphaerocephalon L.;Fréquent;Indigène;7;1855;2013;
36;1002790;24800.0;Allium ursinum L.;Fréquent;Indigène;8;1982;2021;
37;1002810;25000.0;Allium vineale L.;Fréquent;Indigène;1;1982;2005;
38;1002840;25200.0;Alnus glutinosa (L.) Gaertn.;Fréquent;Indigène;4;1982;2020;
39;1002900;25700.0;Alopecurus geniculatus L.;Littérature;Indigène;1;1966;2010;
40;1002910;25900.0;Alopecurus myosuroides Huds.;Fréquent;Indigène;4;1982;2019;
41;1002920;26000.0;Alopecurus pratensis L.;Fréquent;Indigène;8;1982;2020;
42;1003070;27500.0;Amaranthus albus L.;Littérature;Néophyte;3;1966;2018;
43;1003090;27570.0;Amaranthus blitum L.;-;Indigène;1;2018;2018;
44;1003085;27600.0;Amaranthus blitum aggr.;-;Indigène;1;2018;2018;
45;1003140;28100.0;Amaranthus deflexus L.;Littérature;Néophyte;0;1966;1966;
46;1003170;28400.0;Amaranthus hybridus aggr.;Fréquent;Néophyte;3;1982;2015;
47;1003210;28850.0;Amaranthus powellii S. Watson;-;Néophyte;1;2013;2013;
48;1003220;28900.0;Amaranthus retroflexus L.;Littérature;Néophyte;3;1966;2015;
49;1003230;29000.0;Ambrosia artemisiifolia L.;-;Néophyte;1;1997;1997;
50;1003290;29300.0;Amelanchier ovalis Medik.;Fréquent;Indigène;15;1901;2020;
51;1003300;29400.0;Ammi majus L.;Littérature;Néophyte;0;1966;1966;
52;1003350;29600.0;Anacamptis pyramidalis (L.) Rich.;Suppl. de 1994;Indigène;11;1931;2020;
53;1003351;29610.0;Anacamptis pyramidalis (L.) Rich. subsp. pyramidalis;-;Indigène;5;1931;2019;
54;1003380;29700.0;Anagallis arvensis L.;Fréquent;Indigène;4;1982;2015;
55;1003400;30000.0;Anagallis minima (L.) E. H. L. Krause;Littérature;Indigène;0;1966;1966;
56;1003440;30300.0;Anchusa arvensis (L.) M. Bieb.;Littérature;Indigène;1;1966;2010;
57;1003730;33350.0;Anemone blanda Schott & Kotschy;-;Introduit;1;2020;2020;
58;1003770;33600.0;Anemone nemorosa L.;Fréquent;Indigène;30;1955;2021;
59;1003780;33700.0;Anemone ranunculoides L.;Suppl. de 1984;Indigène;3;1984;2021;
60;1003820;34100.0;Angelica sylvestris L.;Fréquent;Indigène;5;1982;2020;
61;1003900;34900.0;Anthemis tinctoria L.;Suppl. de 1994;Indigène;3;1994;2017;
62;1003930;35200.0;Anthericum ramosum L.;Fréquent;Indigène;7;1982;2017;
63;1003970;35400.0;Anthoxanthum odoratum L.;Fréquent;Indigène;11;1955;2020;
64;1003960;35500.0;Anthoxanthum odoratum aggr.;Fréquent;Indigène;16;1955;2020;
65;1003980;35600.0;Anthriscus caucalis M. Bieb.;-;Indigène;1;2018;2018;
66;1003990;35700.0;Anthriscus cerefolium (L.) Hoffm.;-;Indigène;2;1901;2007;
67;1004010;35900.0;Anthriscus sylvestris (L.) Hoffm.;Fréquent;Indigène;6;1982;2020;
68;1004070;36790.0;Anthyllis vulneraria L.;Fréquent;Indigène;21;1982;2020;
69;1004080;36800.0;Anthyllis vulneraria L. subsp. vulneraria;Fréquent;Néophyte;7;1982;2013;
70;1004100;37000.0;Anthyllis vulneraria subsp. carpatica (Pant.) Nyman;Suppl. de 1994;Indigène;4;1994;2012;
71;1004210;38000.0;Aphanes arvensis L.;Fréquent;Indigène;2;1982;2018;
72;1004330;39100.0;Aquilegia vulgaris L.;Fréquent;Indigène;15;1982;2020;
73;1004340;39200.0;Arabidopsis thaliana (L.) Heynh.;-;Indigène;5;2005;2020;
74;1004360;39350.0;Arabis alpina L.;Fréquent;Indigène;10;1895;2019;
75;1004370;39400.0;Arabis alpina L. subsp. alpina;Fréquent;Indigène;8;1895;2010;
76;1004390;39600.0;Arabis auriculata Lam.;Fréquent;Indigène;14;1953;2014;
77;1004440;40200.0;Arabis ciliata Clairv.;-;Indigène;1;2011;2011;
78;1004450;40300.0;Arabis collina Ten.;-;Indigène;1;1926;1926;
79;1004460;40600.0;Arabis hirsuta (L.) Scop.;Fréquent;Indigène;10;1982;2020;
80;1004470;40605.0;Arabis hirsuta aggr.;Fréquent;Indigène;19;1895;2020;
81;1004490;41100.0;Arabis nova Vill.;Littérature;Indigène;3;1966;2014;
82;1004580;42100.0;Arabis turrita L.;Fréquent;Indigène;19;1895;2020;
83;1004590;42150.0;Aralia elata (Miq.) Seem.;-;Néophyte;1;2013;2013;
84;1004610;42200.0;Arctium lappa L.;Rare;Indigène;1;1982;2007;
85;1004620;42300.0;Arctium minus Bernh.;Rare;Indigène;7;1982;2018;
86;1004630;42400.0;Arctium minus Bernh. subsp. minus;-;Indigène;3;2007;2018;
87;1004650;42600.0;Arctium nemorosum Lej.;-;Indigène;1;2007;2007;
88;1004690;43100.0;Arctostaphylos uva-ursi (L.) Spreng.;Fréquent;Indigène;3;1982;2012;
89;1004770;44000.0;Arenaria leptoclados (Rchb.) Guss.;Littérature;Indigène;5;1966;2012;
90;1004810;44300.0;Arenaria serpyllifolia L.;Fréquent;Indigène;13;1982;2018;
91;1004800;44305.0;Arenaria serpyllifolia aggr.;Littérature;Indigène;22;1966;2018;
92;1004830;44600.0;Aristolochia clematitis L.;-;Indigène;1;1952;1952;
93;1004930;45900.0;Arrhenatherum elatius (L.) J. Presl & C. Presl;Fréquent;Indigène;24;1982;2020;
94;1004950;46100.0;Artemisia absinthium L.;Rare;Néophyte;2;1982;2020;
95;1005150;47900.0;Artemisia verlotiorum Lamotte;-;Néophyte;3;2015;2020;
96;1005160;48000.0;Artemisia vulgaris L.;Fréquent;Indigène;16;1909;2020;
97;1005180;48200.0;Arum maculatum L.;Fréquent;Indigène;15;1982;2021;
98;1005190;48300.0;Aruncus dioicus (Walter) Fernald;Fréquent;Indigène;2;1982;2020;
99;1005220;48700.0;Asarum europaeum L.;Fréquent;Indigène;8;1982;2020;
100;1005310;49300.0;Asperula arvensis L.;Littérature;Indigène;0;1966;1966;
101;1005320;49400.0;Asperula cynanchica L.;Fréquent;Indigène;2;1982;2015;
102;1005315;49410.0;Asperula cynanchica aggr.;Fréquent;Indigène;2;1982;2015;
103;1005380;49900.0;Asplenium adiantum-nigrum L.;Suppl. de 1994;Indigène;3;1991;2015;
104;1005639;49910.0;Asplenium adiantum-nigrum aggr.;Suppl. de 1994;Indigène;3;1991;2015;
105;1000377;50200.0;Asplenium ceterach L.;-;Indigène;10;1953;2021;
106;1005440;50500.0;Asplenium fontanum (L.) Bernh.;Fréquent;Indigène;17;1953;2017;
107;1005500;50900.0;Asplenium ruta-muraria L.;Fréquent;Indigène;27;1982;2021;
108;1005540;51200.0;Asplenium septentrionale (L.) Hoffm.;Littérature;Indigène;0;1966;1966;
109;1005550;51400.0;Asplenium trichomanes L.;Fréquent;Indigène;40;1982;2021;
110;1005560;51420.0;Asplenium trichomanes L. subsp. trichomanes;-;Indigène;2;2011;2013;
111;1005570;51440.0;Asplenium trichomanes subsp. hastatum (Christ) S. Jess.;-;Indigène;1;2020;2020;
112;1005590;51460.0;Asplenium trichomanes subsp. pachyrachis (Christ) Lovis & Reichst.;-;Indigène;3;2003;2003;
113;1005610;51500.0;Asplenium viride Huds.;Fréquent;Indigène;2;1982;2010;
114;1005650;51900.0;Aster amellus L.;Fréquent;Indigène;35;1953;2020;
115;1005660;52000.0;Aster bellidiastrum (L.) Scop.;Fréquent;Indigène;4;1982;2012;
116;1005690;52200.0;Aster linosyris (L.) Bernh.;Fréquent;Indigène;7;1953;2013;
117;1005710;52500.0;Aster novi-belgii aggr.;Rare;Néophyte;0;1982;1982;
118;1006060;55400.0;Athamanta cretensis L.;Fréquent;Indigène;6;1982;2012;
119;1006140;56300.0;Atriplex patula L.;Fréquent;Indigène;2;1982;2010;
120;1006150;56400.0;Atriplex prostrata DC.;Littérature;Indigène;3;1903;1966;
121;1006190;56500.0;Atropa bella-donna L.;Fréquent;Indigène;9;1982;2020;
122;1006200;56600.0;Aubrieta deltoidea (L.) DC.;-;Néophyte;1;2015;2015;
123;1006220;56700.0;Aurinia saxatilis (L.) Desv.;-;Subspontané;1;2007;2007;
124;1006450;58600.0;Barbarea vulgaris R. Br.;Fréquent;Indigène;3;1982;2020;
125;1006490;59100.0;Bellis perennis L.;Fréquent;Indigène;22;1982;2021;
126;1006510;59155.0;Berberis julianae C. K. Schneid.;-;Néophyte;7;2010;2020;
127;1006530;59200.0;Berberis vulgaris L.;Fréquent;Indigène;16;1982;2020;
128;1006600;60400.0;Betula pendula Roth;Rare;Indigène;8;1982;2020;
129;1006595;60450.0;Betula pendula aggr.;Rare;Indigène;8;1982;2020;
130;1006890;62700.0;Blitum virgatum L.;Littérature;Indigène;0;1966;1966;
131;1006970;63100.0;Bothriochloa ischaemum (L.) Keng;Littérature;Indigène;11;1966;2018;
132;1007070;64000.0;Brachypodium pinnatum aggr.;Fréquent;Indigène;19;1982;2014;
133;1007090;64200.0;Brachypodium sylvaticum (Huds.) P. Beauv.;Fréquent;Indigène;10;1982;2020;
134;1007120;64400.0;Brassica napus L.;-;Néophyte;5;2005;2016;
135;1007160;64700.0;Brassica rapa L.;-;Néophyte;1;2015;2015;
136;1007200;65200.0;Briza media L.;Fréquent;Indigène;11;1982;2014;
137;1007230;65400.0;Bromus benekenii (Lange) Trimen;Fréquent;Indigène;4;1982;2012;
138;1007290;65695.0;Bromus erectus Huds.;Fréquent;Indigène;35;1982;2020;
139;1007300;65700.0;Bromus erectus Huds. subsp. erectus;Fréquent;Indigène;25;1982;2020;
140;1007330;66000.0;Bromus hordeaceus L.;Fréquent;Indigène;7;1982;2019;
141;1007360;66100.0;Bromus inermis Leyss.;-;Néophyte;3;1978;2017;
142;1007355;66130.0;Bromus inermis aggr.;-;Néophyte;3;1978;2017;
143;1007470;66800.0;Bromus ramosus Huds.;Fréquent;Indigène;2;1982;2011;
144;1007530;67100.0;Bromus squarrosus L.;Herbier;Néophyte;0;1966;1966;
145;1007540;67200.0;Bromus sterilis L.;Fréquent;Indigène;15;1982;2020;
146;1007550;67300.0;Bromus tectorum L.;Fréquent;Indigène;10;1982;2014;
147;1007570;67450.0;Brunnera macrophylla (Adams) I. M. Johnst.;-;Néophyte;4;2012;2020;
148;1007590;67600.0;Bryonia dioica Jacq.;Littérature;Indigène;17;1893;2020;
149;1007600;67700.0;Buddleja davidii Franch.;Rare;Néophyte;68;1982;2020;
150;1007620;67900.0;Buglossoides arvensis (L.) I. M. Johnst.;Rare;Indigène;5;1982;2017;
151;1007630;68000.0;Buglossoides purpurocaerulea (L.) I. M. Johnst.;-;Indigène;5;2010;2020;
152;1007710;69000.0;Bupleurum falcatum L.;Fréquent;Indigène;34;1893;2020;
153;1007720;69100.0;Bupleurum falcatum L. subsp. falcatum;-;Indigène;14;1953;2018;
154;1007800;69900.0;Bupleurum ranunculoides L.;-;Indigène;1;2005;2005;
155;1007820;70100.0;Bupleurum ranunculoides subsp. caricinum (DC.) Arcang.;-;Indigène;1;2005;2005;?
156;1007850;70400.0;Butomus umbellatus L.;-;Indigène;1;2020;2020;
157;1007860;70500.0;Buxus sempervirens L.;Rare;Indigène;4;1953;2018;
158;1007900;70800.0;Calamagrostis epigejos (L.) Roth;Fréquent;Indigène;3;1982;2012;
159;1007960;71600.0;Calamintha ascendens Jord.;-;Indigène;4;2009;2012;
160;1007980;71900.0;Calamintha menthifolia Host;Fréquent;Indigène;18;1982;2020;
161;1008000;72000.0;Calamintha nepeta aggr.;Fréquent;Indigène;23;1982;2020;
162;1008160;73600.0;Calluna vulgaris (L.) Hull;Rare;Indigène;2;1982;2013;
163;1008200;73900.0;Calystegia sepium (L.) R. Br.;Fréquent;Indigène;9;1982;2020;
164;1008250;74400.0;Camelina sativa (L.) Crantz;Herbier;Indigène;0;1966;1966;
165;1008255;;Camelina sativa var. pilosa DC.;Herbier;Indigène;0;1966;1966;
166;1008440;75700.0;Campanula glomerata L.;Fréquent;Indigène;6;1982;2020;
167;1008450;75800.0;Campanula glomerata L. subsp. glomerata;-;Indigène;3;2013;2019;
168;1008510;76200.0;Campanula patula L.;-;Indigène;1;2010;2010;
169;1008550;76500.0;Campanula persicifolia L.;Fréquent;Indigène;19;1949;2020;
170;1008610;76800.0;Campanula rapunculoides L.;Fréquent;Indigène;8;1982;2020;
171;1008620;76900.0;Campanula rapunculus L.;Fréquent;Indigène;16;1982;2019;
172;1008640;77100.0;Campanula rotundifolia L.;Fréquent;Indigène;25;1982;2020;
173;1008690;77600.0;Campanula trachelium L.;Fréquent;Indigène;14;1982;2020;
174;1008720;77900.0;Capsella bursa-pastoris (L.) Medik.;Fréquent;Indigène;18;1982;2021;
175;1008740;78000.0;Capsella rubella Reut.;-;Indigène;1;2015;2015;
176;1008790;78300.0;Cardamine amara L.;Rare;Indigène;1;1982;2007;
177;1008855;78700.0;Cardamine flexuosa aggr.;Fréquent;Indigène;1;1982;2011;
178;1008880;78800.0;Cardamine heptaphylla (Vill.) O. E. Schulz;Fréquent;Indigène;10;1982;2021;
179;1008890;78900.0;Cardamine hirsuta L.;Fréquent;Indigène;17;1982;2020;
180;1008900;79000.0;Cardamine impatiens L.;-;Indigène;1;2013;2013;
181;1008950;79600.0;Cardamine pentaphyllos (L.) Crantz;Fréquent;Indigène;2;1982;2021;
182;1008990;79790.0;Cardamine pratensis L.;-;Indigène;3;2019;2021;
183;1008970;79900.0;Cardamine pratensis aggr.;Fréquent;Indigène;5;1982;2021;
184;1009120;81100.0;Cardaria draba (L.) Desv.;Rare;Néophyte;4;1885;2020;
185;1009140;81500.0;Carduus crispus L.;Fréquent;Indigène;3;1982;2012;
186;1009170;81595.0;Carduus defloratus L.;Fréquent;Indigène;8;1895;2017;
187;1009180;81600.0;Carduus defloratus L. subsp. defloratus;Fréquent;Indigène;8;1895;2017;
188;1009210;82100.0;Carduus nutans L.;Fréquent;Indigène;0;1982;1982;
189;1009270;82900.0;Carex acuta aggr.;Fréquent;Indigène;0;1982;1982;
190;1009290;83000.0;Carex acutiformis Ehrh.;Fréquent;Indigène;4;1982;2013;
191;1009300;83100.0;Carex alba Scop.;Fréquent;Indigène;11;1955;2018;
192;1009410;84100.0;Carex brachystachys Schrank;Littérature;Indigène;5;1945;2014;
193;1009510;84900.0;Carex caryophyllea Latourr.;Fréquent;Indigène;16;1982;2020;
194;1009610;86100.0;Carex digitata L.;Fréquent;Indigène;22;1955;2020;
195;1009630;86300.0;Carex distans L.;Littérature;Indigène;1;1903;1966;
196;1009670;86500.0;Carex divulsa Stokes;-;Indigène;1;2012;2012;
197;1009690;86800.0;Carex elata All.;-;Indigène;1;2009;2009;
198;1009710;87000.0;Carex elongata L.;Littérature;Indigène;0;1966;1966;
199;1009760;87500.0;Carex flacca Schreb.;Fréquent;Indigène;20;1955;2020;
200;1009780;87600.0;Carex flava L.;Rare;Indigène;1;1982;1998;
201;1009770;87605.0;Carex flava aggr.;Rare;Indigène;1;1982;1998;
202;1009850;88300.0;Carex halleriana Asso;Fréquent;Indigène;16;1901;2020;
203;1009880;88600.0;Carex hirta L.;Fréquent;Indigène;7;1982;2018;
204;1009900;88800.0;Carex humilis Leyss.;Fréquent;Indigène;8;1906;2017;
205;1009950;89300.0;Carex leersii F. W. Schultz;Fréquent;Indigène;1;1982;2012;
206;1009980;89600.0;Carex limosa L.;Littérature;Indigène;0;1966;1966;
207;1010040;90300.0;Carex montana L.;Fréquent;Indigène;25;1955;2020;
208;1010060;90500.0;Carex muricata aggr.;Fréquent;Indigène;11;1982;2020;
209;1010090;91200.0;Carex ornithopoda Willd.;Fréquent;Indigène;3;1982;2012;
210;1010120;91500.0;Carex pairae F. W. Schultz;Fréquent;Indigène;1;1982;2011;
211;1010190;92300.0;Carex pendula Huds.;Fréquent;Indigène;6;1982;2020;
212;1010210;92500.0;Carex pilulifera L.;Littérature;Indigène;1;1966;2013;
213;1010290;93300.0;Carex remota L.;Fréquent;Indigène;5;1978;2013;
214;1010320;93700.0;Carex rostrata Stokes;Littérature;Indigène;1;1966;1998;
215;1010350;94200.0;Carex spicata Huds.;Fréquent;Indigène;2;1982;2018;
216;1010390;94700.0;Carex sylvatica Huds.;Fréquent;Indigène;6;1982;2018;
217;1010430;95300.0;Carex vesicaria L.;Fréquent;Indigène;1;1982;2008;
218;1010490;95800.0;Carlina acaulis L.;Fréquent;Indigène;4;1982;2014;
219;1010510;96000.0;Carlina acaulis subsp. caulescens (Lam.) Schübl. & G. Martens;-;Indigène;2;2010;2012;
220;1010560;96500.0;Carlina vulgaris L.;-;Indigène;1;2018;2018;
221;1010550;96600.0;Carlina vulgaris aggr.;-;Indigène;1;2018;2018;
222;1010580;96900.0;Carpinus betulus L.;Fréquent;Indigène;24;1953;2020;
223;1010610;97100.0;Carum carvi L.;Fréquent;Indigène;3;1982;2015;
224;1010640;97200.0;Castanea sativa Mill.;Littérature;Néophyte;2;1966;2020;
225;1010700;97500.0;Catapodium rigidum (L.) C. E. Hubb.;Herbier;Indigène;0;1966;1966;
226;1010750;97800.0;Celtis australis L.;-;Introduit;1;2020;2020;
227;1010790;98500.0;Centaurea cyanus L.;Littérature;Indigène;2;1966;2019;
228;1010820;98750.0;Centaurea jacea L.;Fréquent;Indigène;29;1953;2020;
229;1010830;98800.0;Centaurea jacea L. subsp. jacea;Fréquent;Indigène;14;1982;2018;
230;1010865;99030.0;Centaurea jacea aggr.;Fréquent;Indigène;31;1953;2020;
231;1010840;98900.0;Centaurea jacea subsp. angustifolia Gremli;Fréquent;Indigène;8;1953;2013;
232;1010890;99200.0;Centaurea montana L.;Fréquent;Indigène;3;1982;2015;
233;1010980;99995.0;Centaurea scabiosa L.;Fréquent;Indigène;14;1950;2020;
234;1010990;100000.0;Centaurea scabiosa L. subsp. scabiosa;Fréquent;Indigène;9;1950;2019;
235;1011140;101200.0;Centaurium erythraea Rafn;Rare;Indigène;13;1962;2018;
236;1011180;101600.0;Centranthus ruber (L.) DC.;-;Néophyte;6;2010;2020;
237;1011190;101800.0;Cephalanthera damasonium (Mill.) Druce;Fréquent;Indigène;41;1934;2020;
238;1011200;101900.0;Cephalanthera longifolia (L.) Fritsch;Fréquent;Indigène;15;1939;2020;
239;1011210;102000.0;Cephalanthera rubra (L.) Rich.;Fréquent;Indigène;6;1982;2020;
240;1011270;102595.0;Cerastium arvense L.;-;Indigène;1;2020;2020;
241;1011330;102950.0;Cerastium brachypetalum Pers.;Suppl. de 1994;Indigène;6;1994;2020;
242;1011340;103000.0;Cerastium brachypetalum Pers. subsp. brachypetalum;Suppl. de 1994;Indigène;5;1994;2020;
243;1011390;103595.0;Cerastium fontanum Baumg.;Fréquent;Indigène;14;1982;2018;
244;1011420;103800.0;Cerastium fontanum subsp. vulgare (Hartm.) Greuter & Burdet;Fréquent;Indigène;10;1982;2018;
245;1011430;103900.0;Cerastium glomeratum Thuill.;Suppl. de 1994;Indigène;9;1994;2019;
246;1011490;104750.0;Cerastium pumilum aggr.;Littérature;Indigène;0;1966;1966;
247;1011520;105200.0;Cerastium tomentosum L.;-;Néophyte;4;2007;2015;
248;1011580;105650.0;Cercis siliquastrum L.;-;Introduit;1;2019;2019;
249;1011640;106100.0;Chaenorrhinum minus (L.) Lange;Fréquent;Indigène;7;1982;2020;
250;1011670;106200.0;Chaerophyllum aureum L.;Fréquent;Indigène;5;1982;2015;
251;1011700;106705.0;Chaerophyllum hirsutum aggr.;Fréquent;Indigène;0;1982;1982;
252;1011720;107000.0;Chaerophyllum temulum L.;Littérature;Indigène;11;1934;2020;
253;1011730;107100.0;Chaerophyllum villarsii W. D. J. Koch;Fréquent;Indigène;0;1982;1982;
254;1011840;108200.0;Chelidonium majus L.;Fréquent;Indigène;22;1982;2021;
255;1011850;108300.0;Chenopodium album L.;Fréquent;Indigène;4;1982;2020;
256;1011845;108330.0;Chenopodium album aggr.;Littérature;Indigène;4;1966;2020;
257;1011880;108500.0;Chenopodium bonus-henricus L.;Fréquent;Indigène;2;1953;2019;
258;1011890;108600.0;Chenopodium botrys L.;Littérature;Néophyte;2;1938;1966;
259;1011920;109100.0;Chenopodium glaucum L.;Littérature;Indigène;0;1966;1966;
260;1011940;109300.0;Chenopodium hybridum L.;Suppl. de 1994;Indigène;2;1994;2013;
261;1011950;109400.0;Chenopodium murale L.;-;Indigène;1;1953;1953;
262;1011960;109500.0;Chenopodium opulifolium Schrad.;Littérature;Indigène;0;1966;1966;
263;1011970;109600.0;Chenopodium polyspermum L.;Fréquent;Indigène;5;1982;2018;
264;1012040;110100.0;Chenopodium vulvaria L.;-;Indigène;1;1944;1944;
265;1012160;112500.0;Chrysosplenium alternifolium L.;Rare;Indigène;2;1982;2020;
266;1012230;113200.0;Cichorium intybus L.;Fréquent;Indigène;7;1982;2018;
267;1012280;113500.0;Circaea lutetiana L.;Fréquent;Indigène;7;1982;2020;
268;1012290;113600.0;Circaea ×intermedia Ehrh.;Fréquent;Indigène;0;1982;1982;
269;1012300;113700.0;Cirsium acaule Scop.;Fréquent;Indigène;2;1982;2014;
270;1012310;113800.0;Cirsium arvense (L.) Scop.;Fréquent;Indigène;20;1982;2020;
271;1012330;114000.0;Cirsium eriophorum (L.) Scop.;Fréquent;Indigène;3;1982;2014;
272;1012340;114100.0;Cirsium eriophorum (L.) Scop. subsp. eriophorum;-;Indigène;2;2006;2014;
273;1012400;114800.0;Cirsium oleraceum (L.) Scop.;Fréquent;Indigène;3;1982;2017;
274;1012420;114900.0;Cirsium palustre (L.) Scop.;Fréquent;Indigène;3;1982;2020;
275;1012470;115500.0;Cirsium vulgare (Savi) Ten.;Fréquent;Indigène;15;1982;2020;
276;1012620;116400.0;Clematis vitalba L.;Fréquent;Indigène;19;1982;2020;
277;1012660;116600.0;Clinopodium vulgare L.;Fréquent;Indigène;26;1982;2020;
278;1012810;117700.0;Colchicum autumnale L.;Fréquent;Indigène;1;1982;2014;
279;1012970;118600.0;Consolida ajacis (L.) Schur;Littérature;Néophyte;1;1966;2019;
280;1013020;118800.0;Convallaria majalis L.;Fréquent;Indigène;12;1955;2020;
281;1013030;118900.0;Convolvulus arvensis L.;Fréquent;Indigène;9;1982;2020;
282;1013070;119300.0;Conyza canadensis (L.) Cronquist;Fréquent;Néophyte;1;1982;2009;
283;1013140;119600.0;Cornus mas L.;Rare;Indigène;8;1982;2020;
284;1013160;119700.0;Cornus sanguinea L.;Fréquent;Indigène;31;1982;2015;
285;1013180;120000.0;Coronilla coronata L.;Fréquent;Indigène;1;1982;2007;
286;1013210;120400.0;Coronilla vaginalis Lam.;Fréquent;Indigène;13;1953;2017;
287;1013230;120800.0;Coronopus squamatus (Forssk.) Asch.;Littérature;Indigène;0;1966;1966;
288;1013280;121100.0;Corydalis cava (L.) Schweigg. & Körte;Fréquent;Indigène;23;1982;2021;
289;1013300;121300.0;Corydalis lutea (L.) DC.;Suppl. de 1994;Néophyte;12;1994;2020;
290;1013320;121600.0;Corylus avellana L.;Fréquent;Indigène;24;1982;2020;
291;1013330;121610.0;Corylus colurna L.;-;Introduit;1;2020;2020;
292;1013410;121760.0;Cotoneaster dammeri C. K. Schneid.;-;Néophyte;2;2010;2012;
293;1013430;121770.0;Cotoneaster divaricatus Rehder & E. H. Wilson;-;Néophyte;3;2010;2014;
294;1013440;121780.0;Cotoneaster horizontalis Decne.;-;Néophyte;10;2004;2017;
295;1013450;121800.0;Cotoneaster integerrimus Medik.;Fréquent;Indigène;8;1953;2012;
296;1013490;121950.0;Cotoneaster salicifolius Franch.;-;Néophyte;4;2010;2012;
297;1013510;122000.0;Cotoneaster tomentosus Lindl.;Fréquent;Indigène;10;1908;2014;
298;1013560;122200.0;Crataegus laevigata (Poir.) DC.;Fréquent;Indigène;18;1955;2020;
299;1013570;122300.0;Crataegus lindmanii Hrabětová;-;Indigène;1;2013;2013;
300;1013590;122400.0;Crataegus monogyna Jacq.;-;Indigène;2;2013;2013;
301;1013580;122500.0;Crataegus monogyna aggr.;Fréquent;Indigène;23;1955;2015;
302;1013640;123100.0;Crepis biennis L.;Fréquent;Indigène;14;1982;2015;
303;1013660;123400.0;Crepis capillaris Wallr.;Fréquent;Indigène;5;1982;2015;
304;1013680;123600.0;Crepis foetida L.;Littérature;Indigène;4;1902;1966;
305;1013750;124200.0;Crepis nicaeensis Pers.;Littérature;Néophyte;0;1966;1966;
306;1013850;125550.0;Crepis vesicaria L.;-;Néophyte;2;2010;2015;
307;1013970;126300.0;Cruciata laevipes Opiz;Fréquent;Indigène;3;1982;2019;
308;1014200;128400.0;Cyclamen purpurascens Mill.;Littérature;Indigène;5;1951;2020;
309;1014220;128600.0;Cymbalaria muralis G. Gaertn. & al.;Fréquent;Indigène;12;1982;2020;
310;1014270;129000.0;Cynodon dactylon (L.) Pers.;-;Indigène;2;2005;2017;
311;1014310;129300.0;Cynoglossum officinale L.;Littérature;Indigène;1;1966;2008;
312;1014320;129400.0;Cynosurus cristatus L.;Fréquent;Indigène;6;1982;2014;
313;1014330;129500.0;Cynosurus echinatus L.;Littérature;Indigène;2;1938;1966;
314;1014460;130400.0;Cypripedium calceolus L.;-;Indigène;1;1949;1949;
315;1014520;130700.0;Cystopteris fragilis (L.) Bernh.;Fréquent;Indigène;6;1934;2017;
316;1014515;130750.0;Cystopteris fragilis aggr.;Fréquent;Indigène;7;1934;2019;
317;1014610;131800.0;Dactylis glomerata L.;Fréquent;Indigène;37;1955;2020;
318;1014760;132600.0;Dactylorhiza maculata (L.) Soó;Fréquent;Indigène;11;1968;2020;
319;1014775;132630.0;Dactylorhiza maculata subsp. fuchsii (Druce) Hyl.;-;Indigène;9;2007;2020;
320;1014860;133100.0;Danthonia decumbens (L.) DC.;Fréquent;Indigène;2;1982;2014;
321;1014870;133300.0;Daphne alpina L.;-;Indigène;10;2008;2012;
322;1014880;133400.0;Daphne cneorum L.;Littérature;Indigène;0;1966;1966;
323;1014890;133500.0;Daphne laureola L.;Rare;Indigène;2;1982;2012;
324;1014900;133600.0;Daphne mezereum L.;Fréquent;Indigène;1;1982;2017;
325;1014940;133800.0;Datura stramonium L.;Rare;Néophyte;5;1982;2020;
326;1014950;133900.0;Daucus carota L.;Fréquent;Indigène;37;1982;2020;
327;1015040;134800.0;Deschampsia cespitosa (L.) P. Beauv.;Fréquent;Indigène;4;1982;2017;
328;1015070;135200.0;Descurainia sophia (L.) Prantl;Littérature;Indigène;1;1941;1966;
329;1015100;135300.0;Dianthus armeria L.;Rare;Indigène;2;1982;2020;
330;1015120;135500.0;Dianthus carthusianorum L.;-;Indigène;11;2010;2020;
331;1015130;135600.0;Dianthus carthusianorum L. subsp. carthusianorum;-;Indigène;8;2010;2019;
332;1015210;136100.0;Dianthus gratianopolitanus Vill.;-;Indigène;25;2006;2018;
333;1015310;136900.0;Dianthus sylvestris Wulfen;Fréquent;Indigène;23;1902;2018;
334;1015315;136920.0;Dianthus sylvestris Wulfen subsp. sylvestris;-;Indigène;1;2018;2018;
335;1015340;137100.0;Digitalis grandiflora Mill.;Rare;Indigène;0;1982;1982;
336;1015360;137300.0;Digitalis lutea L.;Fréquent;Indigène;12;1982;2020;
337;1015377;137500.0;Digitaria ischaemum aggr.;Fréquent;Néophyte;1;1982;2015;
338;1015385;137600.0;Digitaria sanguinalis aggr.;Fréquent;Néophyte;2;1982;2010;
339;1015480;138800.0;Diplotaxis erucoides (L.) DC.;-;Néophyte;1;2009;2009;
340;1015490;138900.0;Diplotaxis muralis (L.) DC.;Rare;Néophyte;1;1930;1982;
341;1015500;139000.0;Diplotaxis tenuifolia (L.) DC.;-;Néophyte;6;2005;2019;
342;1015520;139200.0;Dipsacus fullonum L.;Fréquent;Indigène;4;1982;2020;
343;1015540;139400.0;Dipsacus pilosus L.;Rare;Indigène;9;1982;2017;
344;1015610;140100.0;Doronicum pardalianches L.;-;Indigène;1;1969;1969;
345;1015670;140500.0;Draba aizoides L.;Fréquent;Indigène;11;1982;2015;
346;1015730;141200.0;Draba muralis L.;-;Indigène;1;2020;2020;
347;1015950;143500.0;Dryopteris filix-mas (L.) Schott;Fréquent;Indigène;5;1982;2018;
348;1016030;144100.0;Echinochloa crus-galli (L.) P. Beauv.;Fréquent;Indigène;7;1982;2018;
349;1016055;144220.0;Echinops bannaticus Schrad.;-;Néophyte;2;2007;2007;
350;1016120;144500.0;Echium vulgare L.;Fréquent;Indigène;25;1903;2018;
351;1016260;145400.0;Eleocharis mamillata H. Lindb.;-;Indigène;1;1938;1938;
352;1016310;145705.0;Eleocharis palustris aggr.;-;Indigène;1;1938;1938;
353;1016360;146200.0;Elodea canadensis Michx.;Littérature;Néophyte;1;1966;2003;
354;1016380;146400.0;Elodea nuttallii (Planch.) H. St. John;-;Néophyte;1;2006;2006;
355;1016400;146460.0;Elymus caninus (L.) L.;Fréquent;Indigène;3;1952;2015;
356;1016450;146560.0;Elymus repens (L.) Gould;Fréquent;Indigène;9;1982;2018;
357;1016570;148000.0;Epilobium dodonaei Vill.;Fréquent;Indigène;12;1953;2020;
358;1016600;148300.0;Epilobium hirsutum L.;Fréquent;Indigène;8;1982;2017;
359;1016620;148600.0;Epilobium montanum L.;Fréquent;Indigène;5;1982;2013;
360;1016660;149000.0;Epilobium parviflorum Schreb.;Fréquent;Indigène;5;1982;2013;
361;1016670;149100.0;Epilobium roseum Schreb.;Fréquent;Indigène;1;1982;2008;
362;1016720;149450.0;Epimedium pinnatum Fisch.;-;Introduit;1;2020;2020;
363;1016740;149600.0;Epipactis atrorubens Besser;Fréquent;Indigène;4;1968;2020;
364;1016770;149660.0;Epipactis helleborine (L.) Crantz;-;Indigène;6;1997;2020;
365;1016780;149800.0;Epipactis helleborine aggr.;Fréquent;Indigène;38;1982;2020;
366;1016800;150000.0;Epipactis leptochila (Godfery) Godfery;-;Indigène;19;1993;2020;
367;1016807;;Epipactis leptochila var. neglecta (Kümpel) Gévaudan;-;Indigène;11;2019;2020;
368;1016810;150100.0;Epipactis microphylla (Ehrh.) Sw.;Fréquent;Indigène;7;1969;2020;
369;1016830;150150.0;Epipactis muelleri Godfery;-;Indigène;2;1997;2020;
370;1016840;150300.0;Epipactis palustris (L.) Crantz;Littérature;Indigène;1;1900;1966;
371;1016870;150400.0;Epipactis purpurata Sm.;Fréquent;Indigène;34;1950;2020;
372;1016920;150600.0;Equisetum arvense L.;Fréquent;Indigène;10;1982;2020;
373;1016940;150800.0;Equisetum hyemale L.;Fréquent;Indigène;2;1982;2017;
374;1016950;151100.0;Equisetum palustre L.;Fréquent;Indigène;3;1982;2013;
375;1016990;151500.0;Equisetum telmateia Ehrh.;Fréquent;Indigène;2;1982;2017;
376;1017270;152000.0;Eragrostis minor Host;Fréquent;Indigène;8;1982;2019;
377;1017320;152100.0;Eragrostis pilosa (L.) P. Beauv.;-;Indigène;9;1939;2012;
378;1017380;152200.0;Eranthis hyemalis (L.) Salisb.;Suppl. de 1994;Indigène;1;1994;2021;
379;1017440;153300.0;Erigeron acris L.;Fréquent;Indigène;10;1909;2020;
380;1017510;153800.0;Erigeron annuus (L.) Desf.;Fréquent;Néophyte;70;1982;2020;
381;1017520;153900.0;Erigeron annuus (L.) Desf. subsp. annuus;-;Néophyte;14;2006;2020;
382;1017530;153950.0;Erigeron annuus subsp. septentrionalis (Fernald & Wiegand) Wagenitz;-;Néophyte;2;2007;2008;
383;1017580;154600.0;Erigeron karvinskianus DC.;-;Néophyte;1;2017;2017;
384;1017710;156000.0;Erodium cicutarium (L.) L'Hér.;Suppl. de 1994;Indigène;12;1994;2021;
385;1017790;156590.0;Erophila verna (L.) DC.;-;Indigène;4;2012;2020;
386;1017800;156700.0;Erophila verna aggr.;Fréquent;Indigène;17;1982;2020;
387;1017810;156800.0;Eruca sativa Mill.;Littérature;Indigène;0;1966;1966;
388;1017890;157400.0;Erysimum cheiranthoides L.;Rare;Indigène;1;1982;2018;
389;1018060;159000.0;Euonymus europaeus L.;Fréquent;Indigène;17;1982;2020;
390;1018110;159300.0;Eupatorium cannabinum L.;Fréquent;Indigène;20;1982;2020;
391;1018120;159400.0;Euphorbia amygdaloides L.;Fréquent;Indigène;18;1982;2021;
392;1018170;159800.0;Euphorbia cyparissias L.;Fréquent;Indigène;48;1982;2021;
393;1018190;159900.0;Euphorbia dulcis L.;Fréquent;Indigène;19;1982;2021;
394;1018220;160000.0;Euphorbia exigua L.;Fréquent;Indigène;2;1982;2020;
395;1018260;160200.0;Euphorbia helioscopia L.;Fréquent;Indigène;11;1982;2020;
396;1018270;160300.0;Euphorbia humifusa Willd.;-;Néophyte;2;2015;2015;
397;1018280;160400.0;Euphorbia lathyris L.;-;Néophyte;2;2007;2010;
398;1018300;160600.0;Euphorbia maculata L.;Suppl. de 1994;Néophyte;2;1994;2017;
399;1018295;160610.0;Euphorbia maculata aggr.;Suppl. de 1994;Néophyte;6;1994;2017;
400;1018330;160700.0;Euphorbia nutans Lag.;Littérature;Néophyte;3;1939;2017;
401;1018350;160900.0;Euphorbia peplus L.;Fréquent;Indigène;5;1982;2020;
402;1018370;161100.0;Euphorbia prostrata Aiton;-;Néophyte;2;2017;2017;
403;1018480;161600.0;Euphorbia stricta L.;Fréquent;Indigène;3;1982;2013;
404;1018500;161800.0;Euphorbia verrucosa L.;Fréquent;Indigène;1;1982;2005;
405;1018700;163450.0;Euphrasia rostkoviana Hayne;Littérature;Indigène;0;1966;1966;
406;1018685;163850.0;Euphrasia rostkoviana aggr.;Littérature;Indigène;0;1966;1966;
407;1018730;163800.0;Euphrasia rostkoviana subsp. montana (Jord.) Wettst.;Littérature;Indigène;0;1966;1966;
408;1018740;163900.0;Euphrasia salisburgensis Hoppe;Fréquent;Indigène;1;1982;2008;
409;1018840;165000.0;Fagus sylvatica L.;Fréquent;Indigène;25;1953;2020;
410;1018850;165100.0;Falcaria vulgaris Bernh.;Littérature;Indigène;1;1853;1966;
411;1018870;165200.0;Fallopia convolvulus (L.) Á. Löve;Fréquent;Indigène;5;1982;2019;
412;1018880;165300.0;Fallopia dumetorum (L.) Holub;Rare;Indigène;4;1908;2007;
413;1019000;165800.0;Festuca altissima All.;Fréquent;Indigène;1;1982;2011;
414;1019010;165900.0;Festuca amethystina L.;Rare;Indigène;1;1982;2011;
415;1019020;166100.0;Festuca arundinacea Schreb.;Fréquent;Indigène;2;1982;2010;
416;1019130;167400.0;Festuca gigantea (L.) Vill.;Fréquent;Indigène;3;1982;2013;
417;1019220;167900.0;Festuca heterophylla Lam.;Fréquent;Indigène;5;1955;2013;
418;1019330;168500.0;Festuca ovina L.;-;Indigène;3;2012;2013;
419;1019310;168590.0;Festuca ovina aggr.;Fréquent;Indigène;12;1982;2019;
420;1019340;168800.0;Festuca pallens Host;Fréquent;Indigène;0;1982;1982;
421;1019380;169100.0;Festuca pratensis Huds.;Fréquent;Indigène;10;1982;2013;
422;1019390;169200.0;Festuca pratensis Huds. subsp. pratensis;-;Indigène;2;2013;2013;
423;1019480;170100.0;Festuca rubra L.;-;Indigène;2;2013;2013;
424;1019470;170200.0;Festuca rubra aggr.;Fréquent;Indigène;15;1982;2015;
425;1019770;173100.0;Filipendula ulmaria (L.) Maxim.;Fréquent;Indigène;5;1982;2020;
426;1019880;173450.0;Forsythia ×intermedia Zabel;-;Néophyte;2;2010;2012;
427;1019910;173700.0;Fragaria moschata Duchesne;Herbier;Indigène;1;1953;1966;
428;1019920;173800.0;Fragaria vesca L.;Fréquent;Indigène;30;1955;2020;
429;1019930;173900.0;Fragaria viridis Duchesne;Littérature;Indigène;10;1909;2013;
430;1019950;174000.0;Frangula alnus Mill.;Fréquent;Indigène;4;1982;2020;
431;1019970;174200.0;Fraxinus excelsior L.;Fréquent;Indigène;38;1982;2020;
432;1019980;174300.0;Fraxinus ornus L.;-;Introduit;1;2018;2018;
433;1020050;174700.0;Fumana procumbens (Dunal) Gren. & Godr.;-;Indigène;2;1953;2008;
434;1020100;174900.0;Fumaria officinalis L.;Fréquent;Indigène;9;1982;2021;
435;1020110;175000.0;Fumaria officinalis L. subsp. officinalis;-;Indigène;3;2012;2018;
436;1020240;176200.0;Galanthus nivalis L.;Rare;Indigène;6;1982;2021;
437;1020290;176400.0;Galeopsis angustifolia Hoffm.;Fréquent;Indigène;12;1982;2019;
438;1020350;177100.0;Galeopsis tetrahit L.;Fréquent;Indigène;14;1982;2020;
439;1020370;177300.0;Galinsoga parviflora Cav.;Littérature;Néophyte;0;1966;1966;
440;1020360;177350.0;Galinsoga quadriradiata Ruiz & Pav.;Fréquent;Néophyte;5;1952;2020;
441;1020380;177400.0;Galium album Mill.;-;Indigène;37;1955;2020;
442;1020390;177500.0;Galium anisophyllon Vill.;Rare;Indigène;5;1982;2012;
443;1020400;177600.0;Galium aparine L.;Fréquent;Indigène;17;1982;2021;
444;1020440;178000.0;Galium boreale L.;Fréquent;Indigène;1;1982;2011;
445;1020510;179000.0;Galium mollugo aggr.;Fréquent;Indigène;43;1955;2020;
446;1020560;179300.0;Galium odoratum (L.) Scop.;Fréquent;Indigène;14;1982;2020;
447;1020600;179700.0;Galium pumilum Murray;Fréquent;Indigène;6;1895;2014;
448;1020595;179650.0;Galium pumilum aggr.;Rare;Indigène;13;1895;2014;
449;1020620;179900.0;Galium rotundifolium L.;Fréquent;Indigène;1;1982;2011;
450;1020660;180300.0;Galium spurium L.;-;Indigène;1;2014;2014;
451;1020670;180400.0;Galium sylvaticum L.;Fréquent;Indigène;2;1939;2015;
452;1020690;180500.0;Galium tricornutum Dandy;Littérature;Indigène;1;1939;1966;
453;1020730;180900.0;Galium verum L.;Fréquent;Indigène;25;1982;2019;
454;1020740;181000.0;Galium verum L. subsp. verum;-;Indigène;16;2007;2019;
455;1020860;181900.0;Genista sagittalis L.;Fréquent;Indigène;24;1955;2020;
456;1020880;182100.0;Genista tinctoria L.;-;Indigène;1;2014;2014;
457;1021000;183100.0;Gentiana campestris L.;Fréquent;Indigène;4;1902;1982;
458;1021030;183400.0;Gentiana ciliata L.;Fréquent;Indigène;4;1982;2013;
459;1021310;187100.0;Geranium columbinum L.;Fréquent;Indigène;15;1982;2020;
460;1021320;187200.0;Geranium dissectum L.;Fréquent;Indigène;3;1982;2019;
461;1021370;187700.0;Geranium molle L.;Fréquent;Indigène;2;1982;2010;
462;1021440;188500.0;Geranium pusillum L.;Fréquent;Indigène;4;1959;2015;
463;1021450;188600.0;Geranium pyrenaicum Burm. f.;Fréquent;Indigène;19;1971;2020;
464;1021470;188795.0;Geranium robertianum L.;Fréquent;Indigène;32;1982;2021;
465;1021480;188800.0;Geranium robertianum L. subsp. robertianum;Fréquent;Indigène;19;1982;2020;
466;1021490;188900.0;Geranium robertianum subsp. purpureum (Vill.) Nyman;Suppl. de 1994;Indigène;1;1994;2007;
467;1021500;189000.0;Geranium rotundifolium L.;Fréquent;Indigène;14;1982;2017;
468;1021510;189100.0;Geranium sanguineum L.;Fréquent;Indigène;20;1909;2020;
469;1021570;189600.0;Geum rivale L.;Fréquent;Indigène;2;1982;2020;
470;1021580;189700.0;Geum urbanum L.;Fréquent;Indigène;18;1982;2020;
471;1021690;190500.0;Glechoma hederacea L.;Fréquent;Indigène;38;1982;2021;
472;1021700;190600.0;Glechoma hederacea L. subsp. hederacea;-;Indigène;19;2006;2018;
473;1021730;190900.0;Globularia bisnagarica L.;Fréquent;Indigène;34;1969;2021;
474;1021740;191000.0;Globularia cordifolia L.;Fréquent;Indigène;21;1953;2017;
475;1021765;191550.0;Glyceria fluitans aggr.;Fréquent;Indigène;1;1982;1998;
476;1021780;191600.0;Glyceria maxima (Hartm.) Holmb.;-;Indigène;2;1768;1855;
477;1021790;191700.0;Glyceria notata Chevall.;Fréquent;Indigène;1;1982;1998;
478;1021900;192800.0;Goodyera repens (L.) R. Br.;Littérature;Indigène;1;1966;1993;
479;1021920;193000.0;Gratiola officinalis L.;Littérature;Indigène;1;1855;1966;
480;1021940;193150.0;Guizotia abyssinica (L. f.) Cass.;-;Néophyte;1;1913;1913;
481;1021950;193200.0;Gymnadenia conopsea (L.) R. Br.;Fréquent;Indigène;4;1968;2017;
482;1021990;193500.0;Gymnocarpium robertianum (Hoffm.) Newman;Fréquent;Indigène;1;1982;2012;
483;1022100;194000.0;Hedera helix L.;Fréquent;Indigène;33;1955;2020;
484;1022180;194895.0;Helianthemum nummularium (L.) Mill.;Littérature;Indigène;32;1966;2020;
485;1022190;194900.0;Helianthemum nummularium (L.) Mill. subsp. nummularium;Littérature;Indigène;8;1966;2013;
486;1022210;195100.0;Helianthemum nummularium subsp. grandiflorum (Scop.) Schinz & Thell.;Littérature;Indigène;0;1966;1966;
487;1022220;195200.0;Helianthemum nummularium subsp. obscurum (Čelak.) Holub;Fréquent;Indigène;6;1982;2019;
488;1022260;195700.0;Helianthus annuus L.;-;Subspontané;1;2007;2007;
489;1022300;196050.0;Helianthus pauciflorus Nutt.;-;Néophyte;1;1914;1914;
490;1022305;196100.0;Helianthus tuberosus aggr.;-;Néophyte;1;1914;1914;
491;1022380;196690.0;Helictotrichon pratense (L.) Besser;-;Indigène;1;2014;2014;
492;1022379;196700.0;Helictotrichon pratense aggr.;-;Indigène;5;1903;2014;
493;1022390;196800.0;Helictotrichon pubescens (Huds.) Pilg.;Fréquent;Indigène;6;1982;2014;
494;1022480;197300.0;Helleborus foetidus L.;Fréquent;Indigène;37;1955;2021;
495;1022560;197900.0;Hepatica nobilis Schreb.;Rare;Indigène;46;1955;2021;
496;1022580;198300.0;Heracleum mantegazzianum Sommier & Levier;-;Néophyte;13;2002;2020;
497;1022590;198595.0;Heracleum sphondylium L.;Fréquent;Indigène;19;1982;2020;
498;1022600;198600.0;Heracleum sphondylium L. subsp. sphondylium;Fréquent;Indigène;13;1982;2020;
499;1022610;198700.0;Heracleum sphondylium subsp. alpinum (L.) Bonnier & Layens;Fréquent;Indigène;6;1982;2017;
500;1022670;199300.0;Herniaria glabra L.;-;Indigène;3;2017;2020;
501;1022700;199600.0;Hesperis matronalis L.;Rare;Néophyte;2;1982;2020;
502;1022800;200000.0;Hieracium amplexicaule L.;Fréquent;Indigène;7;1982;2015;
503;1022820;200200.0;Hieracium aurantiacum L.;-;Indigène;2;2015;2017;
504;1023000;201800.0;Hieracium humile Jacq.;Fréquent;Indigène;9;1982;2015;
505;1023040;202100.0;Hieracium lactucella Wallr.;Rare;Indigène;2;1982;2015;
506;1023110;202700.0;Hieracium murorum aggr.;Fréquent;Indigène;18;1955;2020;
507;1023200;203400.0;Hieracium pilosella L.;Fréquent;Indigène;18;1982;2020;
508;1023210;203500.0;Hieracium piloselloides Vill.;Fréquent;Indigène;1;1982;2004;
509;1023320;204400.0;Hieracium sabaudum aggr.;Fréquent;Indigène;2;1982;2012;
510;1023460;205600.0;Hieracium umbellatum aggr.;Littérature;Indigène;7;1910;2013;
511;1023560;206200.0;Himantoglossum hircinum (L.) Spreng.;Fréquent;Indigène;176;1824;2021;
512;1023580;206300.0;Hippocrepis comosa L.;Fréquent;Indigène;24;1982;2020;
513;1023590;206400.0;Hippocrepis emerus (L.) Lassen;Fréquent;Indigène;20;1982;2021;
514;1023600;206500.0;Hippophaë rhamnoides L.;-;Indigène;9;2010;2019;
515;1023610;206600.0;Hippuris vulgaris L.;Rare;Indigène;2;1982;2017;
516;1023630;206800.0;Holcus lanatus L.;Fréquent;Indigène;9;1982;2020;
517;1023640;206900.0;Holcus mollis L.;Littérature;Indigène;2;1966;2012;
518;1023690;207400.0;Hordelymus europaeus (L.) Harz;Fréquent;Indigène;2;1982;2020;
519;1023720;207795.0;Hordeum murinum L.;Rare;Indigène;6;1982;2015;
520;1023730;207800.0;Hordeum murinum L. subsp. murinum;Rare;Indigène;2;1982;2015;
521;1023770;208195.0;Hordeum vulgare L.;Fréquent;Indigène;1;1982;2007;
522;1023780;208200.0;Hordeum vulgare L. subsp. vulgare;-;Néophyte;1;2007;2007;
523;1023760;208205.0;Hordeum vulgare aggr.;Fréquent;Indigène;1;1982;2007;
524;1023810;208500.0;Hornungia petraea (L.) Rchb.;Fréquent;Indigène;15;1897;2014;
525;1023830;208600.0;Hottonia palustris L.;-;Indigène;9;1768;2017;
526;1023850;208800.0;Humulus lupulus L.;Fréquent;Indigène;6;1982;2020;
527;1023930;209300.0;Hydrocharis morsus-ranae L.;-;Indigène;7;1900;2017;
528;1024000;210000.0;Hypericum calycinum L.;-;Néophyte;2;2015;2020;
529;1024040;210500.0;Hypericum hirsutum L.;Fréquent;Indigène;5;1982;2017;
530;1024060;210695.0;Hypericum maculatum Crantz;Fréquent;Indigène;3;1982;2019;
531;1024070;210700.0;Hypericum maculatum Crantz subsp. maculatum;Fréquent;Indigène;1;1982;2019;
532;1024080;210800.0;Hypericum maculatum subsp. obtusiusculum (Tourlet) Hayek;Fréquent;Indigène;0;1982;1982;
533;1024100;210900.0;Hypericum montanum L.;Fréquent;Indigène;11;1982;2020;
534;1024130;211050.0;Hypericum perforatum L.;Fréquent;Indigène;33;1982;2020;
535;1024140;211100.0;Hypericum perforatum L. subsp. perforatum;Fréquent;Indigène;27;1982;2019;
536;1024160;211300.0;Hypericum pulchrum L.;-;Indigène;1;1943;1943;
537;1024190;211700.0;Hypericum ×desetangsii Lamotte;Fréquent;Indigène;0;1982;1982;
538;1024230;212100.0;Hypochaeris radicata L.;Fréquent;Indigène;15;1982;2020;
539;1024310;212500.0;Iberis amara L.;Herbier;Indigène;2;1966;2020;
540;1024370;213300.0;Ilex aquifolium L.;Fréquent;Indigène;7;1982;2020;
541;1024410;213600.0;Impatiens glandulifera Royle;Littérature;Néophyte;6;1966;2017;
542;1024420;213700.0;Impatiens noli-tangere L.;Fréquent;Indigène;3;1893;2007;
543;1024430;213800.0;Impatiens parviflora DC.;Fréquent;Néophyte;12;1953;2020;
544;1024470;214100.0;Inula conyzae (Griess.) Meikle;Fréquent;Indigène;15;1982;2020;
545;1024650;215500.0;Iris pseudacorus L.;Fréquent;Indigène;4;1982;2020;
546;1024670;215600.0;Iris sibirica L.;Herbier;Indigène;1;1966;2010;
547;1024700;215905.0;Iris ×germanica L.;Littérature;Indigène;1;1953;1966;
548;1024730;216200.0;Isatis tinctoria L.;Littérature;Indigène;1;1952;1966;
549;1024770;216300.0;Isolepis setacea (L.) R. Br.;Herbier;Indigène;0;1966;1966;
550;1024830;217200.0;Jasminum nudiflorum Lindl.;-;Introduit;1;2020;2020;
551;1024880;217500.0;Juglans regia L.;Fréquent;Indigène;17;1982;2020;
552;1024930;218100.0;Juncus articulatus L.;Fréquent;Indigène;2;1982;2010;
553;1024925;218150.0;Juncus articulatus aggr.;Fréquent;Indigène;2;1982;2010;
554;1024990;218700.0;Juncus conglomeratus L.;Fréquent;Indigène;0;1982;1982;
555;1025000;218800.0;Juncus effusus L.;Fréquent;Indigène;4;1982;2013;
556;1025030;219100.0;Juncus inflexus L.;Fréquent;Indigène;3;1982;2013;
557;1025090;219800.0;Juncus subnodulosus Schrank;Rare;Indigène;1;1982;2010;
558;1025110;220000.0;Juncus tenuis Willd.;Littérature;Néophyte;1;1966;2017;
559;1025140;220395.0;Juniperus communis L.;Fréquent;Indigène;7;1982;2013;
560;1025150;220400.0;Juniperus communis L. subsp. communis;Fréquent;Indigène;7;1982;2013;
561;1025190;221000.0;Kernera saxatilis (L.) Sweet;Fréquent;Indigène;5;1982;2013;
562;1025230;221400.0;Knautia arvensis (L.) Coult.;Fréquent;Indigène;28;1982;2020;
563;1025240;221450.0;Knautia dipsacifolia Kreutzer;Fréquent;Indigène;3;1982;2011;
564;1025250;221500.0;Knautia dipsacifolia Kreutzer subsp. dipsacifolia;Fréquent;Indigène;3;1982;2011;
565;1025470;223700.0;Koeleria macrantha (Ledeb.) Schult.;Littérature;Indigène;0;1966;1966;
566;1025480;223900.0;Koeleria pyramidata (Lam.) P. Beauv.;Fréquent;Indigène;2;1982;2014;
567;1025490;223905.0;Koeleria pyramidata aggr.;Littérature;Indigène;3;1966;2014;
568;1025520;224150.0;Koelreuteria paniculata Laxm.;-;Néophyte;1;2020;2020;
569;1025540;224300.0;Laburnum anagyroides Medik.;Littérature;Néophyte;6;1939;2020;
570;1025550;224400.0;Lactuca perennis L.;Fréquent;Indigène;26;1953;2020;
571;1025580;224700.0;Lactuca serriola L.;Fréquent;Indigène;14;1982;2018;
572;1025660;225600.0;Lamium amplexicaule L.;Suppl. de 1994;Indigène;5;1994;2021;
573;1025670;225750.0;Lamium galeobdolon (L.) L.;Fréquent;Indigène;14;1982;2021;
574;1025710;226000.0;Lamium galeobdolon subsp. montanum (Pers.) Hayek;Fréquent;Indigène;5;1982;2020;
575;1025720;226100.0;Lamium hybridum Vill.;Littérature;Indigène;1;1966;2015;
576;1025730;226200.0;Lamium maculatum (L.) L.;Fréquent;Indigène;15;1982;2021;
577;1025750;226500.0;Lamium purpureum L.;Fréquent;Indigène;19;1982;2021;
578;1025770;226800.0;Lappula squarrosa (Retz.) Dumort.;Littérature;Indigène;1;1939;1966;
579;1025780;226900.0;Lapsana communis L.;Fréquent;Indigène;22;1982;2018;
580;1025790;227000.0;Lapsana communis L. subsp. communis;-;Indigène;12;2006;2013;
581;1025810;227200.0;Larix decidua Mill.;Rare;Néophyte;4;1982;2020;
582;1025860;227700.0;Laserpitium latifolium L.;Fréquent;Indigène;7;1982;2013;
583;1025970;229300.0;Lathyrus heterophyllus L.;Littérature;Indigène;2;1916;1966;
584;1025990;229600.0;Lathyrus latifolius L.;Fréquent;Néophyte;5;1953;2020;
585;1026010;230000.0;Lathyrus niger (L.) Bernh.;Fréquent;Indigène;4;1892;2008;
586;1026050;230400.0;Lathyrus pratensis L.;Fréquent;Indigène;18;1982;2019;
587;1026090;230800.0;Lathyrus sylvestris L.;Fréquent;Indigène;1;1982;2007;
588;1026120;231195.0;Lathyrus vernus (L.) Bernh.;Fréquent;Indigène;17;1982;2021;
589;1026130;231200.0;Lathyrus vernus (L.) Bernh. subsp. vernus;Fréquent;Indigène;11;1982;2020;
590;1026240;232300.0;Lemna minor L.;Suppl. de 1994;Indigène;4;1994;2015;
591;1026235;232350.0;Lemna minor aggr.;Suppl. de 1994;Indigène;4;1994;2015;
592;1026260;232500.0;Lemna trisulca L.;-;Indigène;5;1998;2014;
593;1026290;232700.0;Leontodon autumnalis L.;Fréquent;Indigène;4;1982;2015;
594;1026330;233000.0;Leontodon hispidus L.;Fréquent;Indigène;10;1982;2014;
595;1026340;233100.0;Leontodon hispidus L. subsp. hispidus;-;Indigène;6;2006;2013;
596;1026360;233400.0;Leontodon hispidus subsp. hyoseroides (Rchb.) Murr;-;Indigène;2;2010;2012;
597;1026500;234900.0;Lepidium campestre (L.) R. Br.;-;Indigène;2;2014;2014;
598;1026510;235000.0;Lepidium densiflorum Schrad.;Littérature;Néophyte;1;1966;2019;
599;1026505;235050.0;Lepidium densiflorum aggr.;Littérature;Néophyte;2;1966;2019;
600;1026550;235500.0;Lepidium perfoliatum L.;Littérature;Néophyte;1;1941;1966;
601;1026580;235800.0;Lepidium virginicum L.;Fréquent;Néophyte;5;1982;2020;
602;1026650;236200.0;Leucanthemum adustum (W. D. J. Koch) Gremli;Fréquent;Indigène;4;1982;2014;
603;1026730;236800.0;Leucanthemum vulgare Lam.;Fréquent;Indigène;11;1982;2020;
604;1026710;236905.0;Leucanthemum vulgare aggr.;Fréquent;Indigène;29;1982;2020;
605;1026760;237100.0;Leucojum vernum L.;Littérature;Indigène;1;1966;2010;
606;1026850;238100.0;Ligustrum vulgare L.;Fréquent;Indigène;32;1955;2020;
607;1026890;238500.0;Lilium martagon L.;Fréquent;Indigène;6;1982;2019;
608;1026900;238600.0;Limodorum abortivum (L.) Sw.;Rare;Indigène;3;1948;1982;
609;1026970;239500.0;Linaria genistifolia (L.) Mill.;-;Néophyte;3;2019;2020;
610;1026990;239560.0;Linaria genistifolia subsp. dalmatica (L.) Maire & Petitm.;-;Néophyte;2;2019;2020;
611;1027010;239750.0;Linaria purpurea (L.) Mill.;-;Néophyte;2;2019;2019;
612;1027020;239800.0;Linaria repens (L.) Mill.;Littérature;Indigène;1;1966;2015;
613;1027060;240300.0;Linaria vulgaris Mill.;Fréquent;Indigène;9;1982;2020;
614;1027130;241100.0;Linum catharticum L.;Fréquent;Indigène;7;1982;2018;
615;1027150;241500.0;Linum tenuifolium L.;Littérature;Indigène;11;1909;2013;
616;1027220;242000.0;Listera ovata (L.) R. Br.;Fréquent;Indigène;4;1982;2020;
617;1027230;242200.0;Lithospermum officinale L.;Fréquent;Indigène;3;1982;2011;
618;1027300;242700.0;Lolium multiflorum Lam.;Fréquent;Néophyte;6;1982;2015;
619;1027310;242800.0;Lolium perenne L.;Fréquent;Indigène;14;1982;2020;
620;1027340;243100.0;Lolium temulentum L.;Herbier;Indigène;1;1894;1966;
621;1027370;243400.0;Lonicera alpigena L.;Fréquent;Indigène;2;1982;2012;
622;1027440;243900.0;Lonicera nigra L.;Suppl. de 1994;Indigène;1;1994;2018;
623;1027460;244000.0;Lonicera periclymenum L.;-;Indigène;1;2020;2020;
624;1027470;244050.0;Lonicera pileata Oliv.;-;Néophyte;5;2010;2012;
625;1027480;244100.0;Lonicera tatarica L.;-;Néophyte;1;2020;2020;
626;1027490;244200.0;Lonicera xylosteum L.;Fréquent;Indigène;37;1955;2020;
627;1027520;244400.0;Lotus corniculatus L.;Littérature;Indigène;29;1966;2020;
628;1027510;244410.0;Lotus corniculatus aggr.;Littérature;Indigène;33;1966;2020;
629;1027550;244900.0;Lotus pedunculatus Cav.;Fréquent;Indigène;0;1982;1982;
630;1027600;245400.0;Lunaria annua L.;Suppl. de 1994;Néophyte;4;1994;2021;
631;1027610;245500.0;Lunaria rediviva L.;Fréquent;Indigène;7;1890;2019;
632;1027700;246100.0;Luzula campestris (L.) DC.;Fréquent;Indigène;12;1955;2020;
633;1027720;246400.0;Luzula forsteri (Sm.) DC.;Rare;Indigène;7;1955;2013;
634;1027760;246800.0;Luzula luzuloides (Lam.) Dandy & Wilmott;Fréquent;Indigène;6;1955;2013;
635;1027770;246900.0;Luzula luzuloides (Lam.) Dandy & Wilmott subsp. luzuloides;-;Indigène;3;2007;2013;
636;1027790;247100.0;Luzula multiflora (Ehrh.) Lej.;Fréquent;Indigène;3;1982;2013;
637;1027785;247150.0;Luzula multiflora aggr.;Fréquent;Indigène;3;1982;2013;
638;1027840;247500.0;Luzula pilosa (L.) Willd.;Fréquent;Indigène;2;1982;2013;
639;1027950;249300.0;Lycopersicon esculentum Mill.;-;Subspontané;1;2018;2018;
640;1028030;250900.0;Lycopus europaeus L.;Fréquent;Indigène;1;1982;2011;
641;1028080;251400.0;Lysimachia nemorum L.;Fréquent;Indigène;3;1962;2007;
642;1028090;251500.0;Lysimachia nummularia L.;Fréquent;Indigène;6;1982;2013;
643;1028110;251700.0;Lysimachia thyrsiflora L.;-;Indigène;1;1892;1892;
644;1028120;251800.0;Lysimachia vulgaris L.;Fréquent;Indigène;2;1982;2013;
645;1028150;252100.0;Lythrum salicaria L.;Fréquent;Indigène;3;1982;2017;
646;1028200;252300.0;Mahonia aquifolium (Pursh) Nutt.;-;Néophyte;18;2007;2020;
647;1028270;252900.0;Malus sylvestris (L.) Mill.;Fréquent;Indigène;7;1982;2020;
648;1028280;253000.0;Malus sylvestris aggr.;Fréquent;Indigène;12;1955;2020;
649;1028290;253100.0;Malva alcea L.;Fréquent;Indigène;1;1982;2013;
650;1028320;253300.0;Malva moschata L.;Fréquent;Indigène;4;1982;2019;
651;1028330;253400.0;Malva neglecta Wallr.;Fréquent;Indigène;6;1982;2019;
652;1028370;253500.0;Malva sylvestris L.;Fréquent;Indigène;4;1982;2018;
653;1028420;254000.0;Matricaria chamomilla L.;Fréquent;Indigène;6;1903;2019;
654;1028430;254100.0;Matricaria discoidea DC.;Fréquent;Néophyte;4;1953;2018;
655;1028480;254800.0;Meconopsis cambrica (L.) Vig.;-;Néophyte;4;2014;2019;
656;1028510;255100.0;Medicago falcata L.;Littérature;Indigène;1;1966;2005;
657;1028530;255300.0;Medicago lupulina L.;Fréquent;Indigène;32;1982;2020;
658;1028540;255400.0;Medicago minima (L.) L.;-;Indigène;20;1903;2020;
659;1028590;256000.0;Medicago sativa L.;Fréquent;Indigène;13;1982;2020;
660;1028610;256200.0;Melampyrum arvense L.;Littérature;Indigène;25;1953;2020;
661;1028640;256500.0;Melampyrum pratense L.;Fréquent;Indigène;13;1955;2020;
662;1028680;256800.0;Melica ciliata L.;Fréquent;Indigène;19;1982;2018;
663;1028690;256900.0;Melica nutans L.;Fréquent;Indigène;19;1892;2015;
664;1028710;257100.0;Melica uniflora Retz.;Fréquent;Indigène;15;1955;2020;
665;1028720;257200.0;Melilotus albus Medik.;Fréquent;Indigène;9;1982;2020;
666;1028760;257600.0;Melilotus officinalis Lam.;Fréquent;Indigène;4;1982;2019;
667;1028770;257700.0;Melilotus sulcatus Desf.;Littérature;Néophyte;0;1966;1966;
668;1028780;257800.0;Melissa officinalis L.;-;Subspontané;1;2007;2007;
669;1028790;257900.0;Melittis melissophyllum L.;Fréquent;Indigène;24;1982;2021;
670;1028810;258100.0;Mentha arvensis L.;Fréquent;Indigène;2;1982;2007;
671;1028830;258200.0;Mentha longifolia (L.) Huds.;Fréquent;Indigène;3;1982;2019;
672;1028855;258550.0;Mentha spicata aggr.;-;Indigène;1;1909;1909;
673;1028900;258770.0;Mentha ×villosa Huds.;-;Indigène;1;1909;1909;
674;1028920;258900.0;Mercurialis annua L.;Fréquent;Indigène;13;1982;2020;
675;1028940;259100.0;Mercurialis perennis L.;Fréquent;Indigène;27;1982;2021;
676;1028950;259200.0;Mespilus germanica L.;-;Introduit;2;2020;2020;
677;1029020;259800.0;Milium effusum L.;Fréquent;Indigène;1;1982;2008;
678;1029390;262900.0;Moehringia muscosa L.;Fréquent;Indigène;4;1982;2015;
679;1029400;263000.0;Moehringia trinervia (L.) Clairv.;Fréquent;Indigène;1;1982;2013;
680;1029620;265200.0;Muscari botryoides (L.) Mill.;Littérature;Indigène;1;1966;2020;
681;1029630;265300.0;Muscari comosum (L.) Mill.;Littérature;Indigène;0;1966;1966;
682;1029650;265400.0;Muscari neglectum Guss.;Herbier;Indigène;0;1966;1966;
683;1029640;265450.0;Muscari neglectum aggr.;Littérature;Indigène;10;1960;2012;
684;1029660;265500.0;Muscari racemosum (L.) Mill.;Littérature;Indigène;10;1960;2012;
685;1029680;265700.0;Mycelis muralis (L.) Dumort.;Fréquent;Indigène;16;1982;2020;
686;1029700;265900.0;Myosotis arvensis Hill;Fréquent;Indigène;12;1982;2019;
687;1029780;266600.0;Myosotis ramosissima Rochel;Littérature;Indigène;1;1966;2020;
688;1029820;267100.0;Myosotis sylvatica Hoffm.;-;Indigène;2;2005;2011;
689;1029815;267150.0;Myosotis sylvatica aggr.;-;Indigène;2;2005;2011;
690;1029840;267300.0;Myosoton aquaticum (L.) Moench;Fréquent;Indigène;4;1982;2012;
691;1029880;267650.0;Myriophyllum aquaticum (Vell.) Verdc.;-;Néophyte;14;2010;2013;
692;1029900;267800.0;Myriophyllum spicatum L.;Littérature;Indigène;3;1892;2017;
693;1029910;267900.0;Myriophyllum verticillatum L.;Littérature;Indigène;1;1966;1998;
694;1030020;268900.0;Narcissus pseudonarcissus L.;Fréquent;Indigène;1;1982;2021;
695;1030110;269900.0;Nasturtium officinale R. Br.;-;Indigène;7;2010;2020;
696;1030140;270100.0;Neottia nidus-avis (L.) Rich.;Fréquent;Indigène;46;1900;2020;
697;1030310;271400.0;Nigella damascena L.;-;Néophyte;1;2020;2020;
698;1030590;273700.0;Oenanthe fistulosa L.;-;Indigène;4;1897;1970;
699;1030640;274090.0;Oenothera biennis L.;-;Néophyte;1;2012;2012;
700;1030630;274102.0;Oenothera biennis aggr.;Fréquent;Néophyte;10;1982;2020;
701;1030720;274300.0;Oenothera glazioviana Micheli;-;Néophyte;1;2013;2013;
702;1030729;274700.0;Oenothera parviflora aggr.;-;Néophyte;1;2007;2007;
703;1030860;275600.0;Onobrychis viciifolia Scop.;Fréquent;Néophyte;11;1982;2020;
704;1030940;276300.0;Ononis repens L.;Fréquent;Indigène;4;1982;2018;
705;1030960;276600.0;Ononis spinosa L.;Littérature;Indigène;1;1949;1966;
706;1030970;276700.0;Ononis spinosa L. subsp. spinosa;Littérature;Indigène;1;1949;1966;
707;1030955;276850.0;Ononis spinosa aggr.;Littérature;Indigène;5;1949;2018;
708;1030990;276900.0;Onopordum acanthium L.;Littérature;Indigène;0;1966;1966;
709;1031070;277950.0;Ophrys apifera Huds.;Rare;Indigène;14;1931;2016;
710;1031130;278850.0;Ophrys holosericea (Burm. f.) Greuter;Rare;Indigène;33;1925;2020;
711;1031140;278900.0;Ophrys holosericea (Burm. f.) Greuter subsp. holosericea;Rare;Indigène;24;1925;2016;
712;1031160;279100.0;Ophrys insectifera L.;Fréquent;Indigène;5;1941;1982;
713;1031350;280900.0;Orchis mascula (L.) L.;Fréquent;Indigène;39;1943;2021;
714;1031360;280950.0;Orchis mascula (L.) L. subsp. mascula;-;Indigène;23;1993;2020;
715;1031390;281100.0;Orchis morio L.;Fréquent;Indigène;14;1968;2020;
716;1031560;282600.0;Origanum vulgare L.;Fréquent;Indigène;25;1955;2020;
717;1031580;282700.0;Orlaya grandiflora (L.) Hoffm.;-;Indigène;14;1850;1970;
718;1031640;283200.0;Ornithogalum nutans L.;-;Indigène;1;1944;1944;
719;1031680;283800.0;Ornithogalum umbellatum L.;Fréquent;Indigène;4;1982;2020;
720;1031675;283850.0;Ornithogalum umbellatum aggr.;Fréquent;Indigène;5;1982;2020;
721;1031780;284700.0;Orobanche caryophyllacea Sm.;Fréquent;Indigène;1;1982;2010;
722;1031805;285000.0;Orobanche flava aggr.;Littérature;Indigène;0;1966;1966;
723;1031830;285200.0;Orobanche hederae Duby;Littérature;Indigène;3;1966;2020;
724;1031930;286200.0;Orobanche ramosa L.;Littérature;Indigène;0;1966;1966;
725;1031980;286600.0;Orobanche teucrii Holandre;Fréquent;Indigène;5;1916;2020;
726;1032070;287300.0;Oxalis acetosella L.;Fréquent;Indigène;4;1982;2020;
727;1032090;287400.0;Oxalis corniculata L.;Fréquent;Indigène;8;1982;2020;
728;1032150;287750.0;Oxalis stricta L.;Fréquent;Néophyte;6;1982;2019;
729;1032410;290280.0;Panicum barbipulvinatum Nash;-;Néophyte;1;2018;2018;
730;1032355;290300.0;Panicum capillare aggr.;Suppl. de 1994;Néophyte;5;1994;2018;
731;1032370;290400.0;Panicum dichotomiflorum Michx.;-;Néophyte;1;2007;2007;
732;1032470;291095.0;Papaver dubium L.;Fréquent;Indigène;4;1982;2019;
733;1032480;291100.0;Papaver dubium L. subsp. dubium;Fréquent;Indigène;1;1982;2019;
734;1032530;291800.0;Papaver rhoeas L.;Fréquent;Indigène;6;1982;2018;
735;1032580;292400.0;Parietaria officinalis L.;Littérature;Indigène;4;1966;2015;
736;1032590;292600.0;Paris quadrifolia L.;Fréquent;Indigène;2;1982;2020;
737;1032650;293200.0;Parthenocissus quinquefolia (L.) Planch.;-;Néophyte;1;2015;2015;
738;1032645;293230.0;Parthenocissus quinquefolia aggr.;-;Néophyte;2;2005;2015;
739;1032690;293295.0;Pastinaca sativa L.;Fréquent;Indigène;5;1982;2020;
740;1032700;293300.0;Pastinaca sativa L. subsp. sativa;-;Indigène;1;2018;2018;
741;1032730;293550.0;Paulownia tomentosa (Thunb.) Steud.;-;Néophyte;4;2017;2019;
742;1033000;295700.0;Petasites albus (L.) Gaertn.;Fréquent;Indigène;2;1982;2020;
743;1033010;295900.0;Petasites hybridus (L.) G. Gaertn. & al.;Fréquent;Indigène;5;1982;2021;
744;1033050;296200.0;Petrorhagia prolifera (L.) P. W. Ball & Heywood;Littérature;Indigène;3;1953;2015;
745;1033060;296300.0;Petrorhagia saxifraga (L.) Link;-;Indigène;3;2005;2015;
746;1033130;296900.0;Peucedanum cervaria (L.) Lapeyr.;Fréquent;Indigène;22;1982;2020;
747;1033150;297100.0;Peucedanum oreoselinum (L.) Moench;-;Indigène;2;2015;2015;
748;1033220;297800.0;Phacelia tanacetifolia Benth.;-;Subspontané;3;2018;2020;
749;1033230;297900.0;Phalaris arundinacea L.;Fréquent;Indigène;10;1895;2019;
750;1033410;300000.0;Phleum pratense L.;Fréquent;Indigène;6;1982;2012;
751;1033400;300005.0;Phleum pratense aggr.;Fréquent;Indigène;8;1982;2012;
752;1033450;300300.0;Phragmites australis (Cav.) Steud.;Fréquent;Indigène;7;1982;2020;
753;1033480;300500.0;Phyllitis scolopendrium (L.) Newman;Herbier;Indigène;4;1966;2021;
754;1033670;301800.0;Phyteuma orbiculare L.;Fréquent;Indigène;3;1982;2014;
755;1033740;302400.0;Phyteuma spicatum L.;Fréquent;Indigène;9;1982;2020;
756;1033750;302450.0;Phyteuma spicatum L. subsp. spicatum;-;Indigène;4;2007;2020;
757;1033800;302800.0;Picea abies (L.) H. Karst.;Fréquent;Indigène;11;1982;2020;
758;1033830;303100.0;Picris hieracioides L.;Fréquent;Indigène;15;1982;2015;
759;1033835;303130.0;Picris hieracioides L. subsp. hieracioides;-;Indigène;1;2012;2012;
760;1033920;303800.0;Pimpinella major (L.) Huds.;Fréquent;Indigène;1;1982;2005;
761;1033940;303950.0;Pimpinella peregrina L.;-;Néophyte;2;2015;2015;
762;1033970;304000.0;Pimpinella saxifraga L.;-;Indigène;10;2007;2018;
763;1033950;304100.0;Pimpinella saxifraga aggr.;Fréquent;Indigène;14;1982;2018;
764;1034100;305900.0;Pinus nigra J. F. Arnold;-;Néophyte;12;2007;2016;
765;1034130;306100.0;Pinus sylvestris L.;Fréquent;Indigène;18;1953;2017;
766;1034330;307800.0;Plantago lanceolata L.;Fréquent;Indigène;37;1982;2020;
767;1034350;307850.0;Plantago major L.;Fréquent;Indigène;12;1982;2020;
768;1034360;307900.0;Plantago major L. subsp. major;Fréquent;Indigène;5;1982;2011;
769;1034390;308100.0;Plantago media L.;Fréquent;Indigène;25;1982;2015;
770;1034420;308400.0;Platanthera bifolia (L.) Rich.;Fréquent;Indigène;13;1949;2020;
771;1034430;308500.0;Platanthera chlorantha (Custer) Rchb.;Fréquent;Indigène;28;1942;2020;
772;1034480;309100.0;Poa angustifolia L.;-;Indigène;5;2012;2012;
773;1034490;309200.0;Poa annua L.;Fréquent;Indigène;7;1982;2018;
774;1034520;309500.0;Poa bulbosa L.;Rare;Indigène;5;1982;2020;
775;1034550;309800.0;Poa compressa L.;Fréquent;Indigène;21;1982;2020;
776;1034620;310500.0;Poa nemoralis L.;Fréquent;Indigène;13;1955;2017;
777;1034660;310800.0;Poa pratensis L.;-;Indigène;5;2011;2014;
778;1034650;310900.0;Poa pratensis aggr.;Fréquent;Indigène;18;1982;2015;
779;1034680;311100.0;Poa supina Schrad.;-;Indigène;1;1979;1979;
780;1034690;311295.0;Poa trivialis L.;Fréquent;Indigène;14;1982;2015;
781;1034700;311300.0;Poa trivialis L. subsp. trivialis;Fréquent;Indigène;7;1982;2013;
782;1034740;312000.0;Polycarpon tetraphyllum (L.) L.;Littérature;Néophyte;2;1966;2018;
783;1034840;312800.0;Polygala comosa Schkuhr;Fréquent;Indigène;7;1982;2013;
784;1034890;313195.0;Polygala vulgaris L.;Fréquent;Indigène;4;1982;2014;
785;1034900;313200.0;Polygala vulgaris L. subsp. vulgaris;Fréquent;Indigène;2;1982;2012;
786;1034920;313400.0;Polygonatum multiflorum (L.) All.;Fréquent;Indigène;16;1982;2020;
787;1034930;313500.0;Polygonatum odoratum (Mill.) Druce;Fréquent;Indigène;28;1955;2021;
788;1034940;313700.0;Polygonatum verticillatum (L.) All.;Fréquent;Indigène;1;1982;2006;
789;1034960;314000.0;Polygonum amphibium L.;Rare;Indigène;1;1768;1982;
790;1034980;314300.0;Polygonum aviculare aggr.;Fréquent;Indigène;7;1982;2016;
791;1035040;314900.0;Polygonum hydropiper L.;Fréquent;Indigène;0;1982;1982;
792;1035050;314950.0;Polygonum lapathifolium L.;Littérature;Indigène;3;1966;2013;
793;1035060;315000.0;Polygonum lapathifolium L. subsp. lapathifolium;Littérature;Indigène;2;1966;2013;
794;1035090;315300.0;Polygonum minus Huds.;Fréquent;Indigène;1;1982;2007;
795;1035100;315400.0;Polygonum mite Schrank;Littérature;Indigène;2;1966;2020;
796;1035140;315600.0;Polygonum persicaria L.;-;Indigène;4;2005;2018;
797;1035190;316100.0;Polypodium interjectum Shivas;-;Indigène;2;2007;2008;
798;1035200;316400.0;Polypodium vulgare L.;Fréquent;Indigène;8;1982;2021;
799;1035240;316500.0;Polystichum aculeatum (L.) Roth;Fréquent;Indigène;6;1982;2021;
800;1035310;317100.0;Populus alba L.;Fréquent;Indigène;2;1982;2018;
801;1035330;317250.0;Populus nigra L.;Fréquent;Indigène;4;1982;2018;
802;1035340;317300.0;Populus nigra L. subsp. nigra;Fréquent;Indigène;3;1982;2015;
803;1035325;317450.0;Populus nigra aggr.;Fréquent;Indigène;4;1982;2018;
804;1035410;317650.0;Portulaca oleracea L.;Littérature;Indigène;5;1966;2017;
805;1035460;318200.0;Potamogeton berchtoldii Fieber;Littérature;Indigène;2;1966;2013;
806;1035550;319200.0;Potamogeton natans L.;Fréquent;Indigène;1;1982;2017;
807;1035580;319700.0;Potamogeton pectinatus L.;-;Indigène;1;2013;2013;
808;1035575;319750.0;Potamogeton pectinatus aggr.;-;Indigène;1;2013;2013;
809;1035615;320350.0;Potamogeton pusillus aggr.;Littérature;Indigène;2;1966;2013;
810;1035630;320400.0;Potamogeton trichoides Cham. & Schltdl.;-;Indigène;1;2006;2006;
811;1035700;320900.0;Potentilla anserina L.;Fréquent;Indigène;2;1982;2013;
812;1035710;321100.0;Potentilla argentea L.;-;Indigène;1;2012;2012;
813;1035810;322400.0;Potentilla erecta (L.) Raeusch.;Fréquent;Indigène;3;1982;2014;
814;1035980;323700.0;Potentilla norvegica L.;Littérature;Néophyte;0;1966;1966;
815;1035990;323800.0;Potentilla palustris (L.) Scop.;Littérature;Indigène;0;1966;1966;
816;1036020;324300.0;Potentilla pusilla Host;Littérature;Indigène;0;1966;1966;
817;1036030;324400.0;Potentilla recta L.;Suppl. de 1994;Indigène;3;1994;2015;
818;1036040;324500.0;Potentilla reptans L.;Fréquent;Indigène;8;1982;2020;
819;1036060;324700.0;Potentilla sterilis (L.) Garcke;Fréquent;Indigène;14;1955;2021;
820;1036090;325100.0;Potentilla verna L.;Fréquent;Indigène;29;1982;2021;
821;1036120;325200.0;Prenanthes purpurea L.;Fréquent;Indigène;10;1982;2020;
822;1036150;325500.0;Primula acaulis (L.) L.;Fréquent;Indigène;26;1855;2021;
823;1036200;325950.0;Primula elatior (L.) L.;Fréquent;Indigène;2;1982;2011;
824;1036210;326000.0;Primula elatior (L.) L. subsp. elatior;Fréquent;Indigène;2;1982;2011;
825;1036330;327195.0;Primula veris L.;Fréquent;Indigène;28;1953;2021;
826;1036340;327200.0;Primula veris L. subsp. veris;-;Indigène;2;2008;2019;
827;1036350;327300.0;Primula veris subsp. columnae (Ten.) Maire & Petitm.;Fréquent;Indigène;15;1953;2017;
828;1036460;327900.0;Prunella grandiflora (L.) Scholler;Fréquent;Indigène;16;1904;2020;
829;1036470;328000.0;Prunella laciniata (L.) L.;-;Indigène;9;1903;2017;
830;1036480;328100.0;Prunella vulgaris L.;Fréquent;Indigène;22;1903;2017;
831;1036500;328400.0;Prunus avium L.;Fréquent;Indigène;28;1955;2020;
832;1036550;329040.0;Prunus domestica L.;Fréquent;Néophyte;5;1982;2015;
833;1036560;329050.0;Prunus domestica L. subsp. domestica;Fréquent;Néophyte;1;1982;2015;
834;1036580;329100.0;Prunus domestica subsp. insititia (L.) Bonnier & Layens;-;Néophyte;2;2012;2012;
835;1036590;329400.0;Prunus laurocerasus L.;-;Néophyte;23;2003;2020;
836;1036610;329500.0;Prunus mahaleb L.;Fréquent;Indigène;30;1953;2020;
837;1036620;329600.0;Prunus padus L.;-;Indigène;3;2010;2019;
838;1036630;329700.0;Prunus padus L. subsp. padus;-;Indigène;1;2013;2013;
839;1036670;330300.0;Prunus spinosa L.;Fréquent;Indigène;22;1982;2020;
840;1036700;330360.0;Pseudolysimachion spicatum (L.) Opiz;Littérature;Indigène;2;1855;1966;
841;1036740;330600.0;Pseudotsuga menziesii (Mirb.) Franco;-;Néophyte;9;2007;2020;
842;1036950;332800.0;Pulmonaria obscura Dumort.;Fréquent;Indigène;4;1982;2021;
843;1036960;332990.0;Pulmonaria officinalis aggr.;Fréquent;Indigène;4;1982;2021;
844;1036980;333195.0;Pulsatilla alpina (L.) Delarbre;Littérature;Indigène;0;1966;1966;
845;1036990;333200.0;Pulsatilla alpina (L.) Delarbre subsp. alpina;Littérature;Indigène;0;1966;1966;
846;1037100;334200.0;Pulsatilla vulgaris Mill.;-;Indigène;2;1950;2016;
847;1037200;335000.0;Pyrus communis L.;-;Néophyte;3;1901;1961;
848;1037210;335200.0;Pyrus nivalis Jacq.;Rare;Indigène;0;1982;1982;
849;1037230;335300.0;Pyrus pyraster Burgsd.;-;Indigène;8;1995;2020;
850;1037220;335400.0;Pyrus pyraster aggr.;-;Indigène;11;1901;2020;
851;1037270;335600.0;Quercus cerris L.;-;Néophyte;2;1953;1953;
852;1037310;335900.0;Quercus petraea Liebl.;Fréquent;Indigène;5;1953;2015;
853;1037320;336000.0;Quercus pubescens Willd.;Fréquent;Indigène;17;1913;2013;
854;1037330;336100.0;Quercus robur L.;Fréquent;Indigène;7;1982;2019;
855;1037360;336500.0;Ranunculus aconitifolius L.;Fréquent;Indigène;1;1982;2013;
856;1037370;336595.0;Ranunculus acris L.;Fréquent;Indigène;18;1982;2020;
857;1037390;336700.0;Ranunculus acris subsp. friesianus (Jord.) Syme;Fréquent;Indigène;10;1982;2020;
858;1037460;337300.0;Ranunculus auricomus aggr.;Fréquent;Indigène;1;1982;2010;
859;1037510;337700.0;Ranunculus bulbosus L.;Fréquent;Indigène;29;1982;2020;
860;1037550;338200.0;Ranunculus ficaria L.;Fréquent;Indigène;22;1960;2021;
861;1037670;339300.0;Ranunculus lanuginosus L.;Fréquent;Indigène;2;1982;2020;
862;1037840;340900.0;Ranunculus repens L.;Fréquent;Indigène;13;1982;2020;
863;1037870;341200.0;Ranunculus sardous Crantz;Littérature;Indigène;0;1966;1966;
864;1037970;342200.0;Ranunculus tuberosus Lapeyr.;Fréquent;Indigène;2;1982;2008;
865;1037965;342210.0;Ranunculus tuberosus aggr.;Fréquent;Indigène;3;1982;2015;
866;1038020;342500.0;Raphanus raphanistrum L.;Fréquent;Indigène;2;1982;2015;
867;1038080;342800.0;Rapistrum rugosum (L.) All.;Littérature;Néophyte;1;1908;1966;
868;1038110;342900.0;Reseda lutea L.;Fréquent;Indigène;8;1982;2020;
869;1038120;343000.0;Reseda luteola L.;Fréquent;Indigène;3;1982;2020;
870;1038140;343200.0;Reynoutria japonica Houtt.;Suppl. de 1994;Néophyte;12;1994;2020;
871;1038135;343220.0;Reynoutria japonica aggr.;Suppl. de 1994;Néophyte;26;1994;2020;
872;1038180;343400.0;Rhamnus alpina L.;Fréquent;Indigène;6;1982;2014;
873;1038190;343500.0;Rhamnus cathartica L.;Fréquent;Indigène;21;1953;2020;
874;1038230;344100.0;Rhinanthus alectorolophus (Scop.) Pollich;Fréquent;Indigène;10;1982;2014;
875;1038240;344210.0;Rhinanthus angustifolius C. C. Gmel.;-;Indigène;3;1902;1902;
876;1038390;345600.0;Rhus typhina L.;-;Néophyte;7;2003;2019;
877;1038420;346000.0;Ribes alpinum L.;Fréquent;Indigène;17;1955;2015;
878;1038460;346300.0;Ribes rubrum L.;-;Néophyte;2;2010;2013;
879;1038480;346400.0;Ribes uva-crispa L.;Fréquent;Indigène;1;1982;2006;
880;1038500;346500.0;Robinia pseudoacacia L.;Fréquent;Néophyte;39;1982;2020;
881;1038520;346600.0;Rorippa amphibia (L.) Besser;Fréquent;Indigène;1;1768;1982;
882;1038550;346805.0;Rorippa islandica aggr.;Fréquent;Indigène;4;1982;2020;
883;1038560;346900.0;Rorippa palustris (L.) Besser;Fréquent;Indigène;4;1982;2020;
884;1038580;347200.0;Rorippa sylvestris (L.) Besser;Fréquent;Indigène;0;1982;1982;
885;1038620;347600.0;Rosa arvensis Huds.;Fréquent;Indigène;18;1955;2020;
886;1038650;347800.0;Rosa canina L.;Fréquent;Indigène;14;1982;2013;
887;1038645;347850.0;Rosa canina aggr.;Fréquent;Indigène;20;1982;2013;
888;1038670;348300.0;Rosa corymbifera Borkh.;Fréquent;Indigène;6;1982;2011;
889;1038665;348310.0;Rosa corymbifera aggr.;Fréquent;Indigène;9;1982;2012;
890;1038720;348700.0;Rosa glauca Pourr.;-;Indigène;3;2012;2012;
891;1038780;349000.0;Rosa micrantha Sm.;Littérature;Indigène;12;1966;2012;
892;1038830;349500.0;Rosa pendulina L.;Fréquent;Indigène;1;1982;2006;
893;1038870;349950.0;Rosa rubiginosa aggr.;Littérature;Indigène;16;1966;2012;
894;1038890;350050.0;Rosa rugosa Thunb.;-;Néophyte;1;2015;2015;
895;1038910;350200.0;Rosa spinosissima L.;Fréquent;Indigène;24;1902;2020;
896;1038960;350550.0;Rosa tomentella Léman;Fréquent;Indigène;0;1982;1982;
897;1038980;350600.0;Rosa tomentosa Sm.;Fréquent;Indigène;6;1982;2013;
898;1038970;350650.0;Rosa tomentosa aggr.;Fréquent;Indigène;9;1982;2013;
899;1039160;351950.0;Rubus armeniacus Focke;-;Néophyte;5;2018;2020;
900;1039200;352200.0;Rubus caesius L.;Fréquent;Indigène;15;1982;2020;
901;1039210;352400.0;Rubus canescens DC.;-;Indigène;1;2007;2007;
902;1039325;353120.0;Rubus fruticosus aggr.;Fréquent;Indigène;22;1982;2020;
903;1039470;353830.0;Rubus gremlii Focke;-;Indigène;1;2020;2020;
904;1039520;354200.0;Rubus hirtus Waldst. & Kit.;-;Indigène;1;2008;2008;
905;1039550;354400.0;Rubus idaeus L.;Fréquent;Indigène;7;1982;2020;
906;1039680;355500.0;Rubus montanus Lej.;-;Indigène;1;2008;2008;
907;1040140;358900.0;Rumex acetosa L.;Fréquent;Indigène;19;1982;2020;
908;1040160;359000.0;Rumex acetosella L.;-;Indigène;1;2019;2019;
909;1040200;359400.0;Rumex alpinus L.;Fréquent;Indigène;0;1982;1982;
910;1040230;359900.0;Rumex crispus L.;Fréquent;Indigène;3;1982;2019;
911;1040240;360000.0;Rumex hydrolapathum Huds.;-;Indigène;4;1854;2016;
912;1040290;360400.0;Rumex obtusifolius L.;Fréquent;Indigène;11;1982;2020;
913;1040350;360800.0;Rumex sanguineus L.;Fréquent;Indigène;3;1982;2012;
914;1040410;361300.0;Ruta graveolens L.;Littérature;Indigène;1;1966;2007;
915;1040420;361400.0;Sagina apetala Ard.;-;Indigène;3;2015;2018;
916;1040430;361500.0;Sagina apetala Ard. subsp. apetala;-;Indigène;1;2015;2015;
917;1040440;361600.0;Sagina apetala subsp. erecta F. Herm.;-;Indigène;2;2018;2018;
918;1040470;362200.0;Sagina procumbens L.;Fréquent;Indigène;6;1982;2018;
919;1040530;362700.0;Sagittaria sagittifolia L.;-;Indigène;2;1867;1908;
920;1040540;362800.0;Salix alba L.;Fréquent;Indigène;3;1982;2013;
921;1040590;363100.0;Salix appendiculata Vill.;Fréquent;Indigène;2;1982;2010;
922;1040670;363700.0;Salix caprea L.;Fréquent;Indigène;6;1982;2018;
923;1040680;363800.0;Salix cinerea L.;Fréquent;Indigène;2;1982;2015;
924;1040710;364000.0;Salix elaeagnos Scop.;Fréquent;Indigène;1;1982;2017;
925;1040920;365800.0;Salix purpurea L.;Fréquent;Indigène;2;1982;2013;
926;1040960;366000.0;Salix repens L.;Littérature;Indigène;0;1966;1966;
927;1041170;367300.0;Salvia glutinosa L.;Fréquent;Indigène;8;1982;2020;
928;1041200;367600.0;Salvia pratensis L.;Fréquent;Indigène;33;1982;2020;
929;1041270;368200.0;Sambucus ebulus L.;Fréquent;Indigène;13;1982;2020;
930;1041280;368300.0;Sambucus nigra L.;Fréquent;Indigène;18;1982;2020;
931;1041300;368400.0;Sambucus racemosa L.;Fréquent;Indigène;4;1982;2020;
932;1041340;368650.0;Sanguisorba minor Scop.;Fréquent;Indigène;42;1982;2021;
933;1041350;368700.0;Sanguisorba minor Scop. subsp. minor;Fréquent;Indigène;26;1982;2018;
934;1041380;369100.0;Sanicula europaea L.;Fréquent;Indigène;2;1982;2011;
935;1041410;369400.0;Saponaria ocymoides L.;Fréquent;Indigène;34;1982;2021;
936;1041420;369500.0;Saponaria officinalis L.;Fréquent;Indigène;4;1982;2020;
937;1041470;370300.0;Satureja hortensis L.;-;Subspontané;2;1952;2018;
938;1041890;374600.0;Saxifraga paniculata Mill.;Fréquent;Indigène;5;1982;2015;
939;1042030;376000.0;Saxifraga tridactylites L.;Rare;Indigène;13;1982;2021;
940;1042090;376500.0;Scabiosa columbaria L.;Fréquent;Indigène;23;1953;2020;
941;1042100;376600.0;Scabiosa columbaria L. subsp. columbaria;-;Indigène;18;1953;2019;
942;1042190;377900.0;Scandix pecten-veneris L.;Littérature;Indigène;0;1966;1966;
943;1042220;378000.0;Scheuchzeria palustris L.;Littérature;Indigène;0;1966;1966;
944;1042230;378200.0;Schoenoplectus lacustris (L.) Palla;Rare;Indigène;3;1982;2017;
945;1042280;378800.0;Schoenoplectus triqueter (L.) Palla;-;Indigène;1;1824;1824;
946;1042330;379300.0;Scilla bifolia L.;Fréquent;Indigène;2;1982;2021;
947;1042420;379700.0;Scirpus sylvaticus L.;Fréquent;Indigène;1;1824;1982;
948;1042470;380200.0;Scleranthus perennis L.;Herbier;Indigène;0;1966;1966;
949;1042520;381000.0;Scorzonera austriaca Willd.;Fréquent;Indigène;3;1982;2012;
950;1042610;382000.0;Scrophularia juratensis Schleich.;Herbier;Indigène;0;1966;1966;
951;1042620;382100.0;Scrophularia nodosa L.;Fréquent;Indigène;6;1982;2019;
952;1042710;382900.0;Secale cereale L.;Rare;Introduit;1;1982;2020;
953;1042720;383000.0;Securigera varia (L.) Lassen;Fréquent;Indigène;24;1982;2020;
954;1042730;383100.0;Sedum acre L.;Fréquent;Indigène;1;1982;2017;
955;1042750;383200.0;Sedum album L.;Fréquent;Indigène;34;1982;2020;
956;1042870;384300.0;Sedum hispanicum L.;-;Indigène;3;2010;2018;
957;1042970;385200.0;Sedum rupestre L.;-;Indigène;1;2019;2019;
958;1042960;385210.0;Sedum rupestre aggr.;-;Indigène;2;2015;2019;
959;1043000;385500.0;Sedum sexangulare L.;Fréquent;Indigène;26;1982;2020;
960;1043020;385600.0;Sedum spurium M. Bieb.;Littérature;Néophyte;3;1966;2020;
961;1043040;385695.0;Sedum telephium L.;Fréquent;Indigène;27;1953;2020;
962;1043070;385900.0;Sedum telephium subsp. maximum (L.) Kirschl.;Fréquent;Indigène;22;1953;2020;
963;1043110;386400.0;Selinum carvifolia (L.) L.;Littérature;Indigène;1;1966;1970;
964;1043170;387100.0;Sempervivum tectorum L.;Fréquent;Indigène;3;1953;2013;
965;1043310;388400.0;Senecio erucifolius L.;Rare;Indigène;3;1978;2020;
966;1043360;389000.0;Senecio inaequidens DC.;-;Néophyte;19;2010;2020;
967;1043410;389600.0;Senecio jacobaea L.;Fréquent;Indigène;13;1982;2015;
968;1043500;390200.0;Senecio sylvaticus L.;Littérature;Indigène;1;1966;2015;
969;1043520;390400.0;Senecio viscosus L.;Rare;Indigène;8;1982;2020;
970;1043530;390500.0;Senecio vulgaris L.;Fréquent;Indigène;11;1982;2021;
971;1043580;390950.0;Serratula tinctoria L.;Rare;Indigène;0;1982;1982;
972;1043590;391000.0;Serratula tinctoria L. subsp. tinctoria;Rare;Indigène;0;1982;1982;
973;1043660;391700.0;Seseli libanotis (L.) W. D. J. Koch;Fréquent;Indigène;9;1982;2017;
974;1043700;392200.0;Sesleria caerulea (L.) Ard.;Fréquent;Indigène;20;1982;2020;
975;1043790;393200.0;Setaria pumila (Poir.) Roem. & Schult.;Fréquent;Indigène;2;1982;2013;
976;1043800;393300.0;Setaria verticillata (L.) P. Beauv.;-;Indigène;1;2015;2015;
977;1043810;393400.0;Setaria verticilliformis Dumort.;-;Indigène;1;2015;2015;
978;1043820;393500.0;Setaria viridis (L.) P. Beauv.;Fréquent;Indigène;5;1982;2015;
979;1043830;393600.0;Sherardia arvensis L.;Rare;Indigène;6;1982;2020;
980;1043900;394500.0;Silene armeria L.;Littérature;Néophyte;1;1966;2020;
981;1043920;394700.0;Silene coronaria (L.) Clairv.;-;Néophyte;2;2007;2012;
982;1043940;394900.0;Silene dioica (L.) Clairv.;Fréquent;Indigène;4;1982;2020;
983;1043970;395200.0;Silene flos-cuculi (L.) Clairv.;Fréquent;Indigène;2;1982;2020;
984;1044020;396050.0;Silene nutans L.;Fréquent;Indigène;24;1982;2020;
985;1044030;396100.0;Silene nutans L. subsp. nutans;Fréquent;Indigène;16;1982;2020;
986;1044060;396400.0;Silene pratensis (Rafn) Godr.;Fréquent;Indigène;13;1959;2020;
987;1044140;397295.0;Silene vulgaris (Moench) Garcke;Fréquent;Indigène;17;1982;2015;
988;1044150;397300.0;Silene vulgaris (Moench) Garcke subsp. vulgaris;Fréquent;Indigène;11;1982;2015;
989;1044220;398000.0;Sinapis arvensis L.;Fréquent;Indigène;6;1982;2020;
990;1044260;398200.0;Sisymbrium altissimum L.;Littérature;Néophyte;3;1937;2017;
991;1044270;398300.0;Sisymbrium austriacum Jacq.;-;Néophyte;1;1939;1939;
992;1044300;398600.0;Sisymbrium officinale (L.) Scop.;-;Indigène;2;2005;2007;
993;1044360;399300.0;Sium latifolium L.;-;Indigène;1;1949;1949;
994;1044400;399500.0;Solanum dulcamara L.;Fréquent;Indigène;9;1893;2020;
995;1044420;400100.0;Solanum nigrum L.;Fréquent;Indigène;6;1962;2015;
996;1044580;401000.0;Solidago canadensis L.;Fréquent;Néophyte;83;1982;2020;
997;1044575;401050.0;Solidago canadensis aggr.;Fréquent;Néophyte;111;1982;2020;
998;1044590;401100.0;Solidago gigantea Aiton;Fréquent;Néophyte;6;1982;2019;
999;1044620;401395.0;Solidago virgaurea L.;Fréquent;Indigène;4;1955;2020;
1000;1044630;401400.0;Solidago virgaurea L. subsp. virgaurea;Fréquent;Indigène;4;1955;2020;
1001;1044650;401595.0;Sonchus arvensis L.;Fréquent;Indigène;2;1982;2015;
1002;1044660;401600.0;Sonchus arvensis L. subsp. arvensis;Fréquent;Indigène;0;1982;1982;
1003;1044680;401800.0;Sonchus asper Hill;Fréquent;Indigène;10;1982;2017;
1004;1044690;401900.0;Sonchus oleraceus L.;Fréquent;Indigène;13;1982;2018;
1005;1044730;402200.0;Sorbus aria (L.) Crantz;Fréquent;Indigène;24;1955;2020;
1006;1044725;402250.0;Sorbus aria aggr.;Fréquent;Indigène;35;1953;2020;
1007;1044740;402300.0;Sorbus aucuparia L.;Fréquent;Indigène;9;1953;2020;
1008;1044750;402330.0;Sorbus aucuparia L. subsp. aucuparia;-;Indigène;1;2019;2019;
1009;1044810;402600.0;Sorbus mougeotii Soy.-Will. & Godr.;Fréquent;Indigène;7;1953;2013;
1010;1044820;402700.0;Sorbus torminalis (L.) Crantz;Fréquent;Indigène;14;1955;2020;
1011;1044880;403000.0;Sparganium emersum Rehmann;Herbier;Indigène;1;1966;2017;
1012;1044890;403100.0;Sparganium erectum L.;Fréquent;Indigène;21;1982;2013;
1013;1045060;404950.0;Spiraea chamaedryfolia L.;-;Néophyte;2;2007;2007;
1014;1045130;405200.0;Spirodela polyrhiza (L.) Schleid.;-;Indigène;3;2006;2015;
1015;1045180;405400.0;Stachys alpina L.;Fréquent;Indigène;4;1903;2011;
1016;1045230;406000.0;Stachys officinalis (L.) Trevis.;Fréquent;Indigène;20;1955;2019;
1017;1045240;406100.0;Stachys officinalis (L.) Trevis. subsp. officinalis;-;Indigène;15;1955;2013;
1018;1045260;406400.0;Stachys palustris L.;Fréquent;Indigène;8;1982;2013;
1019;1045280;406595.0;Stachys recta L.;Fréquent;Indigène;29;1893;2020;
1020;1045290;406600.0;Stachys recta L. subsp. recta;Fréquent;Indigène;22;1893;2018;
1021;1045310;406800.0;Stachys sylvatica L.;Fréquent;Indigène;14;1904;2020;
1022;1045390;407800.0;Stellaria media (L.) Vill.;Fréquent;Indigène;14;1982;2020;
1023;1045400;407805.0;Stellaria media aggr.;Fréquent;Indigène;21;1982;2020;
1024;1045420;408095.0;Stellaria nemorum L.;Fréquent;Indigène;1;1982;2007;
1025;1045430;408100.0;Stellaria nemorum L. subsp. nemorum;Fréquent;Indigène;1;1982;2007;
1026;1045460;408400.0;Stellaria palustris Hoffm.;-;Indigène;1;1909;1909;
1027;1045730;410400.0;Symphoricarpos albus (L.) S. F. Blake;-;Néophyte;1;2010;2010;
1028;1045860;411100.0;Syringa vulgaris L.;-;Néophyte;2;2012;2012;
1029;1045910;411200.0;Tamus communis L.;Fréquent;Indigène;6;1982;2020;
1030;1045980;411700.0;Tanacetum parthenium (L.) Sch. Bip.;Littérature;Néophyte;2;1966;2020;
1031;1045990;411800.0;Tanacetum vulgare L.;Suppl. de 1994;Indigène;1;1994;2013;
1032;1046070;412900.0;Taraxacum laevigatum aggr.;Fréquent;Indigène;8;1927;2017;
1033;1046080;413100.0;Taraxacum officinale aggr.;Fréquent;Indigène;35;1982;2020;
1034;1046140;413600.0;Taxus baccata L.;Fréquent;Indigène;31;1953;2021;
1035;1046260;414900.0;Teucrium botrys L.;Fréquent;Indigène;32;1968;2021;
1036;1046270;415000.0;Teucrium chamaedrys L.;Fréquent;Indigène;42;1953;2020;
1037;1046300;415100.0;Teucrium montanum L.;Fréquent;Indigène;10;1953;2020;
1038;1046320;415300.0;Teucrium scorodonia L.;Fréquent;Indigène;4;1982;2013;
1039;1046360;415800.0;Thalictrum flavum L.;Littérature;Indigène;1;1892;1966;
1040;1046450;417200.0;Thesium alpinum L.;Fréquent;Indigène;12;1982;2014;
1041;1046500;417700.0;Thesium pyrenaicum Pourr.;Fréquent;Indigène;3;1953;2014;
1042;1046570;418200.0;Thlaspi arvense L.;Fréquent;Indigène;2;1982;2018;
1043;1046600;418700.0;Thlaspi montanum L.;Fréquent;Indigène;1;1982;2009;
1044;1046610;418800.0;Thlaspi perfoliatum L.;Fréquent;Indigène;27;1982;2021;
1045;1046830;420750.0;Thymus praecox Opiz;Fréquent;Indigène;3;1982;2014;
1046;1046850;420900.0;Thymus praecox subsp. polytrichus (Borbás) Jalas;Fréquent;Indigène;3;1982;2014;
1047;1046860;420940.0;Thymus pulegioides L.;-;Indigène;5;2012;2012;
1048;1046870;420990.0;Thymus pulegioides L. subsp. pulegioides;-;Indigène;5;2012;2012;
1049;1046890;421200.0;Thymus serpyllum aggr.;Fréquent;Indigène;31;1982;2019;
1050;1046950;421400.0;Tilia cordata Mill.;Rare;Indigène;4;1982;2012;
1051;1046970;421500.0;Tilia platyphyllos Scop.;Fréquent;Indigène;25;1955;2020;
1052;1046975;421530.0;Tilia platyphyllos Scop. subsp. platyphyllos;-;Indigène;2;2012;2012;
1053;1047040;422000.0;Torilis arvensis (Huds.) Link;Littérature;Indigène;3;1908;2007;
1054;1047050;422100.0;Torilis japonica (Houtt.) DC.;Fréquent;Indigène;8;1982;2013;
1055;1047070;422300.0;Torilis nodosa (L.) Gaertn.;Littérature;Indigène;0;1966;1966;
1056;1047110;422450.0;Trachycarpus fortunei (Hook.) H. Wendl.;-;Subspontané;1;2016;2016;
1057;1047160;422600.0;Tragopogon dubius Scop.;-;Néophyte;3;2000;2018;
1058;1047180;422950.0;Tragopogon pratensis L.;Fréquent;Indigène;20;1982;2019;
1059;1047190;423000.0;Tragopogon pratensis L. subsp. pratensis;-;Indigène;5;2010;2018;
1060;1047210;423200.0;Tragopogon pratensis subsp. minor (Mill.) Hartm.;-;Indigène;2;2010;2012;
1061;1047220;423300.0;Tragopogon pratensis subsp. orientalis (L.) Čelak.;-;Indigène;7;2006;2019;
1062;1047390;424700.0;Trifolium arvense L.;Littérature;Indigène;15;1892;2013;
1063;1047400;424800.0;Trifolium aureum Pollich;Littérature;Indigène;4;1966;2012;
1064;1047420;425000.0;Trifolium campestre Schreb.;Fréquent;Indigène;11;1982;2015;
1065;1047430;425100.0;Trifolium dubium Sibth.;Fréquent;Indigène;6;1982;2018;
1066;1047460;425595.0;Trifolium hybridum L.;Fréquent;Néophyte;0;1982;1982;
1067;1047470;425600.0;Trifolium hybridum L. subsp. hybridum;Fréquent;Néophyte;0;1982;1982;
1068;1047490;425750.0;Trifolium incarnatum L.;Littérature;Néophyte;1;1966;2020;
1069;1047500;425800.0;Trifolium incarnatum L. subsp. incarnatum;Littérature;Néophyte;0;1966;1966;
1070;1047520;426000.0;Trifolium medium L.;Fréquent;Indigène;18;1982;2020;
1071;1047540;426300.0;Trifolium montanum L.;Fréquent;Indigène;11;1982;2020;
1072;1047560;426600.0;Trifolium ochroleucon Huds.;Fréquent;Indigène;11;1909;2020;
1073;1047600;426895.0;Trifolium pratense L.;Fréquent;Indigène;27;1982;2020;
1074;1047610;426900.0;Trifolium pratense L. subsp. pratense;Fréquent;Indigène;16;1982;2018;
1075;1047630;427100.0;Trifolium repens L.;Fréquent;Indigène;28;1982;2018;
1076;1047640;427200.0;Trifolium repens L. subsp. repens;-;Indigène;12;2002;2018;
1077;1047670;427500.0;Trifolium rubens L.;Littérature;Indigène;2;1953;2005;
1078;1047700;427700.0;Trifolium scabrum L.;Fréquent;Indigène;28;1903;2017;
1079;1047730;427900.0;Trifolium striatum L.;Herbier;Indigène;11;1903;2013;
1080;1047760;428100.0;Trifolium thalii Vill.;-;Indigène;1;1926;1926;
1081;1047830;428600.0;Trinia glauca (L.) Dumort.;-;Indigène;3;1855;1991;
1082;1047840;428700.0;Tripleurospermum inodorum (L.) Sch. Bip.;Fréquent;Indigène;3;1982;2019;
1083;1047890;429400.0;Trisetum flavescens (L.) P. Beauv.;Fréquent;Indigène;14;1982;2015;
1084;1048030;430600.0;Trollius europaeus L.;Fréquent;Indigène;1;1904;1982;
1085;1048210;431900.0;Turritis glabra L.;Littérature;Indigène;2;1953;1981;
1086;1048220;432000.0;Tussilago farfara L.;Fréquent;Indigène;17;1931;2021;
1087;1048230;432100.0;Typha angustifolia L.;-;Indigène;2;1998;2009;
1088;1048250;432200.0;Typha latifolia L.;Rare;Indigène;5;1982;2020;
1089;1048310;432800.0;Ulmus glabra Huds.;Fréquent;Indigène;13;1982;2020;
1090;1048330;433000.0;Ulmus minor Mill.;-;Indigène;4;1953;2010;
1091;1048360;433400.0;Urtica dioica L.;Fréquent;Indigène;18;1982;2020;
1092;1048450;434200.0;Utricularia vulgaris L.;-;Indigène;1;1848;1848;
1093;1048440;434250.0;Utricularia vulgaris aggr.;-;Indigène;3;1848;2017;
1094;1048500;434800.0;Vaccinium myrtillus L.;Fréquent;Indigène;2;1982;2009;
1095;1048540;435300.0;Vaccinium vitis-idaea L.;Fréquent;Indigène;1;1982;2011;
1096;1048590;435700.0;Valeriana montana L.;Fréquent;Indigène;1;1982;2007;
1097;1048610;435800.0;Valeriana officinalis L.;-;Indigène;16;1998;2020;
1098;1048600;435900.0;Valeriana officinalis aggr.;Fréquent;Indigène;18;1982;2020;
1099;1048640;436200.0;Valeriana repens Host;-;Indigène;1;2020;2020;
1100;1048730;437100.0;Valerianella carinata Loisel.;Littérature;Indigène;3;1966;2018;
1101;1048780;437500.0;Valerianella locusta (L.) Laterr.;Fréquent;Indigène;6;1982;2020;
1102;1048775;437550.0;Valerianella locusta aggr.;Littérature;Indigène;10;1966;2020;
1103;1048880;438400.0;Verbascum blattaria L.;Littérature;Indigène;0;1966;1966;
1104;1048930;438800.0;Verbascum densiflorum Bertol.;Fréquent;Indigène;2;1903;2015;
1105;1048940;439000.0;Verbascum lychnitis L.;Littérature;Indigène;20;1966;2020;
1106;1048950;439100.0;Verbascum nigrum L.;Fréquent;Indigène;2;1982;2015;
1107;1049020;439650.0;Verbascum thapsus L.;Fréquent;Indigène;12;1953;2015;
1108;1049030;439700.0;Verbascum thapsus L. subsp. thapsus;Fréquent;Indigène;7;1953;2012;
1109;1049070;440000.0;Verbena officinalis L.;Fréquent;Indigène;17;1982;2020;
1110;1049130;440500.0;Veronica anagallis-aquatica L.;Rare;Indigène;4;1982;2013;
1111;1049125;440550.0;Veronica anagallis-aquatica aggr.;Rare;Indigène;4;1982;2013;
1112;1049160;440800.0;Veronica arvensis L.;Fréquent;Indigène;16;1982;2018;
1113;1049180;441000.0;Veronica beccabunga L.;Fréquent;Indigène;6;1982;2020;
1114;1049210;441400.0;Veronica chamaedrys L.;Fréquent;Indigène;24;1955;2020;
1115;1049260;441600.0;Veronica filiformis Sm.;Fréquent;Néophyte;6;1982;2020;
1116;1049290;441900.0;Veronica hederifolia L.;Fréquent;Indigène;15;1982;2020;
1117;1049300;442000.0;Veronica hederifolia L. subsp. hederifolia;-;Indigène;4;2008;2020;
1118;1049310;442100.0;Veronica hederifolia subsp. lucorum (Klett & Richt.) Hartl;-;Indigène;2;2011;2012;
1119;1049340;442400.0;Veronica officinalis L.;Fréquent;Indigène;8;1955;2020;
1120;1049380;442700.0;Veronica persica Poir.;Fréquent;Néophyte;18;1982;2020;
1121;1049390;442800.0;Veronica polita Fr.;Fréquent;Indigène;1;1982;2010;
1122;1049410;442995.0;Veronica prostrata L.;-;Indigène;1;1909;1909;
1123;1049430;443100.0;Veronica prostrata subsp. scheereri J.-P. Brandt;-;Indigène;1;1909;1909;
1124;1049460;443395.0;Veronica serpyllifolia L.;Rare;Indigène;4;1982;2013;
1125;1049470;443400.0;Veronica serpyllifolia L. subsp. serpyllifolia;Fréquent;Indigène;1;1982;2013;
1126;1049480;443500.0;Veronica serpyllifolia subsp. humifusa (Dicks.) Syme;Rare;Indigène;0;1982;1982;
1127;1049490;443900.0;Veronica teucrium L.;Fréquent;Indigène;12;1982;2020;
1128;1049540;444300.0;Viburnum lantana L.;Fréquent;Indigène;28;1955;2020;
1129;1049550;444400.0;Viburnum opulus L.;Fréquent;Indigène;4;1982;2020;
1130;1049570;444450.0;Viburnum rhytidophyllum Hemsl.;-;Néophyte;5;1997;2020;
1131;1049620;444995.0;Vicia cracca L.;Fréquent;Indigène;8;1982;2015;
1132;1049630;445000.0;Vicia cracca L. subsp. cracca;Fréquent;Indigène;4;1982;2013;
1133;1049670;445400.0;Vicia dumetorum L.;Fréquent;Indigène;3;1982;2007;
1134;1049690;445600.0;Vicia faba L.;Littérature;Néophyte;0;1966;1966;
1135;1049710;445800.0;Vicia hirsuta (L.) Gray;Fréquent;Indigène;3;1905;2015;
1136;1049790;446700.0;Vicia parviflora Cav.;Littérature;Néophyte;0;1966;1966;
1137;1049820;446995.0;Vicia sativa L.;Fréquent;Indigène;11;1982;2020;
1138;1049830;447000.0;Vicia sativa L. subsp. sativa;Fréquent;Indigène;5;1982;2018;
1139;1049850;447200.0;Vicia sativa subsp. nigra (L.) Ehrh.;Fréquent;Indigène;2;1982;2020;
1140;1049860;447400.0;Vicia sepium L.;Fréquent;Indigène;25;1982;2020;
1141;1049890;448000.0;Vicia tetrasperma (L.) Schreb.;Suppl. de 1994;Indigène;1;1994;2010;
1142;1049940;448300.0;Vinca major L.;-;Néophyte;2;2015;2020;
1143;1049950;448400.0;Vinca minor L.;Fréquent;Indigène;14;1982;2021;
1144;1049960;448500.0;Vincetoxicum hirundinaria Medik.;Fréquent;Indigène;38;1982;2020;
1145;1049970;448700.0;Viola alba Besser;Fréquent;Indigène;15;1933;2021;
1146;1050000;449000.0;Viola arvensis Murray;Fréquent;Indigène;2;1982;2020;
1147;1050060;449250.0;Viola canina L.;-;Indigène;1;1904;1904;
1148;1050170;450300.0;Viola hirta L.;Fréquent;Indigène;24;1982;2020;
1149;1050210;451000.0;Viola odorata L.;Fréquent;Indigène;14;1982;2021;
1150;1050270;451600.0;Viola reichenbachiana Boreau;Fréquent;Indigène;15;1961;2021;
1151;1050280;451700.0;Viola riviniana Rchb.;Fréquent;Indigène;9;1982;2013;
1152;1050340;452500.0;Viola tricolor L.;-;Indigène;1;2020;2020;
1153;1050330;452510.0;Viola tricolor aggr.;Fréquent;Indigène;6;1982;2020;
1154;1050380;452600.0;Viscum album L.;-;Indigène;1;2008;2008;
1155;1050400;452800.0;Viscum album subsp. abietis (Wiesb.) Abrom.;-;Indigène;1;2008;2008;
1156;1050470;453900.0;Vulpia myuros (L.) C. C. Gmel.;Herbier;Indigène;1;1966;2015;
1157;1050540;454300.0;Wisteria sinensis (Sims) Sweet;-;Introduit;1;2016;2016;
1158;1050620;455200.0;Xanthium strumarium L.;Littérature;Indigène;0;1966;1966;
1159;1050615;455250.0;Xanthium strumarium aggr.;Littérature;Indigène;0;1966;1966;
