place,date,species,name,slug
alleestrasse-1,2020-09-02,plantago lanceolata,plantain lancéolé,plantago-lanceolata
alleestrasse-1,2020-09-02,centaurea nigra,centaurée noire,centaurea-nigra
alleestrasse-1,2020-09-02,plantago media,plantain moyen,plantago-media
alleestrasse-1,2020-09-02,chenopodium album,chénopode blanc,chenopodium-album
alleestrasse-1,2020-09-02,centaurea jacea,centaurée jacée,centaurea-jacea
alleestrasse-1,2020-09-02,veronica persica,véronique des jardins,veronica-persica
alleestrasse-1,2020-09-02,geranium pyrenaicum,géranium des pyrénées,geranium-pyrenaicum
alleestrasse-1,2020-07-28,centaurea jacea,centaurée jacée,centaurea-jacea
alleestrasse-1,2020-07-28,daucus carota,carotte sauvage,daucus-carota
alleestrasse-1,2020-07-28,centaurea jacea,centaurée jacée,centaurea-jacea
alleestrasse-2,2020-07-31,mentha spicata,menthe en grappe,mentha-spicata
alleestrasse-2,2020-07-31,pastinaca sativa,panais cultivé,pastinaca-sativa
alleestrasse-2,2020-07-31,galium mollugo,"gaillet commun, gaillet blanc",galium-mollugo
alleestrasse-2,2020-07-31,trifolium pratense,trèfle des prés,trifolium-pratense
alleestrasse-2,2020-07-31,daucus carota,carotte sauvage,daucus-carota
alleestrasse-3,2020-06-16,achillea millefolium,,achillea-millefolium
alleestrasse-3,2020-06-16,sedum album,,sedum-album
alleestrasse-3,2020-06-16,chaerophyllum hirsutum,,chaerophyllum-hirsutum
alleestrasse-3,2020-07-31,epilobium hirsutum,epilobe velu,epilobium-hirsutum
alleestrasse-4,2020-06-06,verbascum thapsus,,verbascum-thapsus
alleestrasse-4,2020-06-16,trifolium pratense,,trifolium-pratense
alleestrasse-4,2020-06-06,silene latifolia,,silene-latifolia
alleestrasse-4,2020-06-06,silene dichotoma,,silene-dichotoma
alleestrasse-4,2020-06-16,achillea millefolium,,achillea-millefolium
bluets-1,2020-08-13,clinopodium vulgare,sarriette clinopode,clinopodium-vulgare
bluets-1,2020-08-13,centaurea jacea,centaurée jacée,centaurea-jacea
bluets-1,2020-08-13,centaurea jacea,centaurée jacée,centaurea-jacea
bluets-1,2020-08-13,scabiosa columbaria,scabieuse colombaire,scabiosa-columbaria
bluets-1,2020-08-13,silene latifolia,compagnon blanc,silene-latifolia
bluets-1,2020-08-13,trifolium pratense,,trifolium-pratense
bluets-1,2020-08-13,trifolium repens,trèfle rampant,trifolium-repens
bluets-1,2020-08-13,silene vulgaris,silène enflé,silene-vulgaris
bluets-1,2020-08-13,silene latifolia,compagnon blanc,silene-latifolia
bluets-1,2020-08-13,epilobium hirsutum,epilobe velu,epilobium-hirsutum
bluets-1,2020-08-13,crepis capillaris,crépide capillaire,crepis-capillaris
bluets-1,2020-08-13,melilotus albus,mélilot blanc,melilotus-albus
bluets-1,2020-08-13,veronica persica,véronique des jardins,veronica-persica
bluets-1,2020-08-13,malva neglecta,petite mauve,malva-neglecta
bluets-1,2020-08-13,cirsium arvense,cirse des champs,cirsium-arvense
bluets-1,2020-08-13,calystegia sepium,liseron des haies,calystegia-sepium
bluets-1,2020-08-13,galium mollugo,"gaillet commun, gaillet blanc",galium-mollugo
bluets-1,2020-08-13,brassica napus,,brassica-napus
bluets-1,2020-08-13,silene latifolia,compagnon blanc,silene-latifolia
bluets-1,2020-08-13,lotus corniculatus,lotier corniculé,lotus-corniculatus
bluets-1,2020-08-13,trifolium pratense,trèfle des prés,trifolium-pratense
bluets-1,2020-08-13,medicago sativa,,medicago-sativa
bluets-2,2020-07-10,hypericum perforatum,,hypericum-perforatum
bluets-2,2020-06-12,tragopogon pratensis,,tragopogon-pratensis
bluets-2,2020-06-12,geranium pyrenaicum,,geranium-pyrenaicum
bluets-2,2020-06-12,knautia arvensis,,knautia-arvensis
bluets-2,2020-06-12,centaurea jacea,,centaurea-jacea
bluets-2,2020-06-12,galium mollugo,,galium-mollugo
bluets-2,2020-06-12,leucanthemum vulgare,,leucanthemum-vulgare
bluets-2,2020-06-12,vicia sepium,,vicia-sepium
bluets-3,2020-06-28,tragopogon pratensis,,tragopogon-pratensis
bluets-3,2020-06-28,senecio inaequidens,,senecio-inaequidens
bluets-3,2020-06-28,knautia arvensis,,knautia-arvensis
bluets-3,2020-06-28,medicago sativa,,medicago-sativa
bluets-3,2020-06-28,dianthus carthusianorum,,dianthus-carthusianorum
bluets-3,2020-06-28,mentha longifolia,,mentha-longifolia
bluets-3,2020-06-28,lapsana communis,,lapsana-communis
bluets-3,2020-06-28,galium mollugo,,galium-mollugo
boujean-1,2020-06-09,medicago lupulina,,medicago-lupulina
boujean-1,2020-06-09,cichorium intybus,,cichorium-intybus
boujean-1,2020-06-09,potentilla reptans,,potentilla-reptans
boujean-2,2020-06-09,papaver rhoeas,,papaver-rhoeas
boujean-2,2020-06-09,hypericum maculatum,,hypericum-maculatum
boujean-2,2020-06-09,trifolium pratense,,trifolium-pratense
boujean-2,2020-06-09,medicago lupulina,,medicago-lupulina
boujean-2,2020-06-18,medicago lupulina,,medicago-lupulina
boujean-2,2020-06-18,arenaria serpyllifolia,,arenaria-serpyllifolia
boujean-2,2020-06-18,crepis capillaris,,crepis-capillaris
boujean-2,2020-06-18,clinopodium acinos,,clinopodium-acinos
boujean-3,2020-06-18,trifolium pratense,,trifolium-pratense
boujean-3,2020-06-18,crepis capillaris,,crepis-capillaris
boujean-3,2020-06-18,potentilla reptans,,potentilla-reptans
boujean-3,2020-06-18,senecio inaequidens,,senecio-inaequidens
boujean-3,2020-06-18,cichorium intybus,,cichorium-intybus
buren-1,2020-09-03,lavandula angustifolia,lavande vraie,lavandula-angustifolia
buren-1,2020-09-03,eupatorium cannabinum,eupatoire chanvrine,eupatorium-cannabinum
buren-1,2020-09-03,cichorium intybus,chicorée sauvage,cichorium-intybus
buren-1,2020-09-03,vicia sepium,vesce des haies,vicia-sepium
buren-1,2020-09-03,trifolium pratense,trèfle des prés,trifolium-pratense
buren-1,2020-09-03,lotus corniculatus,lotier corniculé,lotus-corniculatus
buren-1,2020-09-03,solidago canadensis,solidage du canada,solidago-canadensis
buren-1,2020-09-03,hypericum perforatum,millepertuis perforé,hypericum-perforatum
buren-1,2020-09-03,senecio inaequidens,séneçon sud-africain,senecio-inaequidens
buren-1,2020-09-03,hypericum perforatum,millepertuis perforé,hypericum-perforatum
buren-1,2020-09-03,epilobium dodonaei,epilobe romarin,epilobium-dodonaei
buren-1,2020-09-03,daucus carota,carotte sauvage,daucus-carota
buren-1,2020-09-03,leucanthemum vulgare,marguerite précoce,leucanthemum-vulgare
buren-1,2020-09-03,centaurea jacea,centaurée jacée,centaurea-jacea
buren-1,2020-09-03,echium vulgare,vipérine commune,echium-vulgare
buren-1,2020-09-03,galium mollugo,"gaillet commun, gaillet blanc",galium-mollugo
buren-1,2020-09-03,ranunculus acris,"bouton d'or, renoncule âcre",ranunculus-acris
buren-1,2020-09-03,clematis vitalba,clématite blanche,clematis-vitalba
buren-1,2020-09-03,dianthus armeria,oeillet arméria,dianthus-armeria
buren-1,2020-09-03,senecio inaequidens,,senecio-inaequidens
buren-2,2020-09-03,centranthus ruber,centranthe rouge,centranthus-ruber
buren-2,2020-09-03,cichorium intybus,chicorée sauvage,cichorium-intybus
buren-2,2020-09-03,chelidonium majus,"chélidoine, herbe aux verrues",chelidonium-majus
buren-2,2020-09-03,cornus sanguinea,cornouiller sanguin,cornus-sanguinea
buren-2,2020-09-03,verbena officinalis,verveine officinale,verbena-officinalis
buren-2,2020-08-04,potentilla reptans,quintefeuille,potentilla-reptans
buren-2,2020-08-04,bryonia dioica,bryone dioïque,bryonia-dioica
buren-2,2020-08-04,sorbus aucuparia,sorbier des oiseleurs,sorbus-aucuparia
buren-2,2020-08-04,sambucus nigra,"grand sureau, sureau noir",sambucus-nigra
buren-2,2020-08-04,echium vulgare,vipérine commune,echium-vulgare
buren-2,2020-08-04,silene latifolia,compagnon blanc,silene-latifolia
buren-2,2020-08-04,cichorium intybus,chicorée sauvage,cichorium-intybus
buren-2,2020-08-04,geranium robertianum,géranium herbe à robert,geranium-robertianum
buren-2,2020-08-04,urtica dioica,ortie dioïque,urtica-dioica
buren-2,2020-08-04,sambucus nigra,"grand sureau, sureau noir",sambucus-nigra
buren-2,2020-08-07,geranium pyrenaicum,géranium des pyrénées,geranium-pyrenaicum
buren-2,2020-08-07,melilotus albus,mélilot blanc,melilotus-albus
buren-2,2020-08-07,echium vulgare,vipérine commune,echium-vulgare
buren-2,2020-08-07,senecio inaequidens,séneçon sud-africain,senecio-inaequidens
buren-2,2020-08-07,lavandula angustifolia,lavande vraie,lavandula-angustifolia
buren-2,2020-08-07,trifolium pratense,trèfle des prés,trifolium-pratense
buren-2,2020-08-07,daucus carota,carotte sauvage,daucus-carota
buren-2,2020-08-07,clematis vitalba,clématite blanche,clematis-vitalba
buren-2,2020-08-07,hypericum perforatum,millepertuis perforé,hypericum-perforatum
buren-2,2020-08-07,eupatorium cannabinum,eupatoire chanvrine,eupatorium-cannabinum
buren-2,2020-08-07,solidago canadensis,solidage du canada,solidago-canadensis
buren-2,2020-08-07,epilobium dodonaei,epilobe romarin,epilobium-dodonaei
buren-3,2020-09-03,cornus sanguinea,cornouiller sanguin,cornus-sanguinea
buren-3,2020-09-03,rubus armeniacus,"ronce d'arménie, ronce des jardins",rubus-armeniacus
cff-lot-1,2020-09-28,knautia arvensis,knautie des champs,knautia-arvensis
cff-lot-1,2020-09-28,polygonum aviculare,renouée des oiseaux,polygonum-aviculare
cff-lot-1,2020-09-28,trifolium pratense,trèfle des prés,trifolium-pratense
cff-lot-1,2020-09-28,lamium maculatum,lamier tacheté,lamium-maculatum
cff-lot-1,2020-09-28,sonchus oleraceus,laiteron maraîcher,sonchus-oleraceus
cff-lot-1,2020-09-28,mentha spicata,menthe en grappe,mentha-spicata
cff-lot-1,2020-09-28,galeopsis tetrahit,"ortie royale, galéopsis tétrahit",galeopsis-tetrahit
cff-lot-1,2020-09-28,galium mollugo,"gaillet commun, gaillet blanc",galium-mollugo
cff-lot-1,2020-09-28,cornus sanguinea,cornouiller sanguin,cornus-sanguinea
cff-lot-1,2020-09-28,urtica dioica,ortie dioïque,urtica-dioica
cff-lot-1,2020-09-28,artemisia vulgaris,armoise commune,artemisia-vulgaris
cff-lot-2,2020-09-28,medicago lupulina,"minette, luzerne lupuline",medicago-lupulina
cff-lot-2,2020-09-28,parthenocissus quinquefolia,vigne vierge à cinq folioles,parthenocissus-quinquefolia
cff-lot-2,2020-09-28,medicago sativa,,medicago-sativa
cff-lot-2,2020-09-28,galium mollugo,"gaillet commun, gaillet blanc",galium-mollugo
cff-lot-2,2020-09-28,malus sylvestris,pommier sauvage,malus-sylvestris
cff-lot-2,2020-09-28,eupatorium cannabinum,eupatoire chanvrine,eupatorium-cannabinum
cff-lot-2,2020-09-28,trifolium pratense,trèfle des prés,trifolium-pratense
cff-lot-2,2020-09-28,solidago canadensis,solidage du canada,solidago-canadensis
cff-path-1,2020-09-11,borkhausenia intermedia,sorbier intermédiaire,borkhausenia-intermedia
cff-path-1,2020-09-11,calystegia sepium,liseron des haies,calystegia-sepium
cff-path-1,2020-09-11,epilobium hirsutum,epilobe velu,epilobium-hirsutum
cff-path-1,2020-09-11,solidago canadensis,solidage du canada,solidago-canadensis
cff-path-1,2020-09-11,solanum nigrum,morelle noire,solanum-nigrum
cff-path-1,2020-09-11,malva neglecta,petite mauve,malva-neglecta
cff-path-1,2020-09-11,urtica dioica,ortie dioïque,urtica-dioica
cff-path-1,2020-09-11,chenopodium album,chénopode blanc,chenopodium-album
cff-path-1,2020-09-11,erodium cicutarium,bec de grue commun,erodium-cicutarium
cff-path-2,2020-07-28,malva neglecta,,malva-neglecta
cff-path-2,2020-07-28,alcea rosea,"passerose, rose trémière",alcea-rosea
cff-path-2,2020-07-31,arctium minus,bardane à petits capitules,arctium-minus
cff-path-2,2020-07-31,carduus crispus,chardon crépu,carduus-crispus
cff-path-2,2020-07-31,carduus crispus,chardon crépu,carduus-crispus
cff-path-2,2020-07-31,convolvulus arvensis,liseron des champs,convolvulus-arvensis
cff-path-2,2020-07-31,oxalis dillenii,oxalis de dillenius,oxalis-dillenii
cff-path-2,2020-07-31,sambucus nigra,"grand sureau, sureau noir",sambucus-nigra
cff-path-2,2020-07-31,crataegus monogyna,"aubépine à un style, epine blanche",crataegus-monogyna
cff-path-3,2020-08-07,epilobium hirsutum,epilobe velu,epilobium-hirsutum
cff-path-3,2020-08-07,geranium pyrenaicum,géranium des pyrénées,geranium-pyrenaicum
cff-path-3,2020-08-07,medicago lupulina,"minette, luzerne lupuline",medicago-lupulina
cff-path-3,2020-08-07,robinia pseudoacacia,robinier,robinia-pseudoacacia
cff-path-3,2020-08-07,solanum nigrum,morelle noire,solanum-nigrum
cff-path-3,2020-08-07,urtica dioica,ortie dioïque,urtica-dioica
chapelle,2020-09-02,centaurea scabiosa,centaurée scabieuse,centaurea-scabiosa
chapelle,2020-09-02,campanula rotundifolia,campanule à feuilles rondes,campanula-rotundifolia
chapelle,2020-09-02,daucus carota,carotte sauvage,daucus-carota
chapelle,2020-09-02,vicia cracca,vesce cracca,vicia-cracca
chapelle,2020-09-02,mentha spicata,menthe en grappe,mentha-spicata
chapelle,2020-09-02,lycopus europaeus,"lycope d'europe, pied de loup",lycopus-europaeus
chapelle,2020-09-02,verbascum thapsus,"bouillon blanc, molène thapsus",verbascum-thapsus
chapelle,2020-09-02,leucanthemum vulgare,marguerite précoce,leucanthemum-vulgare
chapelle,2020-09-02,geranium pyrenaicum,géranium des pyrénées,geranium-pyrenaicum
chapelle,2020-09-02,solidago canadensis,solidage du canada,solidago-canadensis
chapelle,2020-09-02,melilotus albus,mélilot blanc,melilotus-albus
chapelle,2020-09-02,erigeron canadensis,vergerette du canada,erigeron-canadensis
chapelle,2020-09-02,medicago sativa,,medicago-sativa
chapelle,2020-09-02,leucanthemum vulgare,marguerite précoce,leucanthemum-vulgare
chapelle,2020-09-02,trifolium repens,trèfle rampant,trifolium-repens
chapelle,2020-09-02,trifolium pratense,trèfle des prés,trifolium-pratense
chapelle,2020-09-02,lotus corniculatus,lotier corniculé,lotus-corniculatus
chemin-de-la-course,2020-08-30,trifolium repens,trèfle rampant,trifolium-repens
chemin-de-la-course,2020-08-30,centaurea jacea,,centaurea-jacea
chemin-de-la-course,2020-08-30,cichorium intybus,chicorée sauvage,cichorium-intybus
chemin-de-la-course,2020-08-30,petrorhagia saxifraga,petrorhagie saxifrage,petrorhagia-saxifraga
chemin-de-la-course,2020-08-30,achillea millefolium,achillée millefeuille,achillea-millefolium
chemin-de-la-course,2020-08-30,cirsium arvense,cirse des champs,cirsium-arvense
chemin-de-la-course,2020-08-30,erigeron canadensis,vergerette du canada,erigeron-canadensis
chemin-de-la-course,2020-08-30,centaurea scabiosa,,centaurea-scabiosa
chemin-de-la-course,2020-08-30,lotus corniculatus,lotier corniculé,lotus-corniculatus
chemin-de-la-course,2020-08-30,cirsium vulgare,cirse commun,cirsium-vulgare
chemin-de-la-course,2020-08-30,knautia arvensis,knautie des champs,knautia-arvensis
chemin-de-la-course,2020-08-30,centaurea jacea,centaurée jacée,centaurea-jacea
chemin-de-la-course,2020-08-30,trifolium pratense,trèfle des prés,trifolium-pratense
chemin-de-la-course,2020-08-30,trifolium pratense,trèfle des prés,trifolium-pratense
chemin-de-la-course,2020-08-30,leucanthemum vulgare,marguerite précoce,leucanthemum-vulgare
chemin-de-la-course,2020-08-30,silene latifolia,compagnon blanc,silene-latifolia
chemin-de-la-course,2020-08-30,galium mollugo,"gaillet commun, gaillet blanc",galium-mollugo
chemin-de-la-course,2020-08-30,medicago sativa,,medicago-sativa
chemin-des-voies,2020-07-28,heracleum sphondylium,"patte d'ours, berce des prés",heracleum-sphondylium
chemin-des-voies,2020-07-28,bryonia dioica,bryone dioïque,bryonia-dioica
chemin-des-voies,2020-07-28,geranium molle,géranium mou,geranium-molle
chemin-des-voies,2020-07-28,geum urbanum,benoîte commune,geum-urbanum
chemin-des-voies,2020-07-28,urtica dioica,ortie dioïque,urtica-dioica
chemin-des-voies,2020-07-28,cornus sanguinea,cornouiller sanguin,cornus-sanguinea
chemin-des-voies,2020-07-28,buddleja davidii,,buddleja-davidii
chemin-des-voies,2020-07-28,daucus carota,,daucus-carota
chemin-des-voies,2020-07-28,verbena officinalis,verveine officinale,verbena-officinalis
cheyres-path,2020-09-15,lythrum salicaria,salicaire commune,lythrum-salicaria
cheyres-path,2020-09-15,eupatorium cannabinum,eupatoire chanvrine,eupatorium-cannabinum
cheyres-path,2020-09-15,viburnum opulus,"boule de neige, viorne obier",viburnum-opulus
cheyres-path,2020-09-15,rubus caesius,ronce bleuâtre,rubus-caesius
cheyres-path,2020-09-15,calystegia sepium,liseron des haies,calystegia-sepium
cheyres-path,2020-09-15,stachys palustris,epiaire des marais,stachys-palustris
cheyres-reserve,2020-09-15,lycopus europaeus,"lycope d'europe, pied de loup",lycopus-europaeus
cheyres-reserve,2020-09-15,chenopodium album,chénopode blanc,chenopodium-album
cheyres-reserve,2020-09-15,persicaria maculosa,renouée persicaire,persicaria-maculosa
cheyres-reserve,2020-09-15,polygonum aviculare,renouée des oiseaux,polygonum-aviculare
cheyres-reserve,2020-09-15,solanum nigrum,morelle noire,solanum-nigrum
cheyres-reserve,2020-09-15,achillea ptarmica,"achillée des marais, herbe à éternuer",achillea-ptarmica
college,2020-07-04,geranium pratense,,geranium-pratense
college,2020-07-04,lotus corniculatus,,lotus-corniculatus
college,2020-07-04,malva alcea,,malva-alcea
college,2020-06-18,echium vulgare,,echium-vulgare
college,2020-06-18,sedum album,,sedum-album
college,2020-06-18,urtica dioica,,urtica-dioica
college,2020-06-18,geum urbanum,,geum-urbanum
cygnes,2020-09-19,erigeron canadensis,,erigeron-canadensis
cygnes,2020-09-19,medicago sativa,,medicago-sativa
cygnes,2020-09-19,lotus corniculatus,,lotus-corniculatus
cygnes,2020-09-19,oenothera biennis,,oenothera-biennis
cygnes,2020-08-08,cirsium vulgare,cirse commun,cirsium-vulgare
cygnes,2020-08-08,daucus carota,carotte sauvage,daucus-carota
cygnes,2020-08-08,hypericum perforatum,millepertuis perforé,hypericum-perforatum
cygnes,2020-08-08,medicago sativa,,medicago-sativa
cygnes,2020-08-08,jacobaea vulgaris,"séneçon jacobée, herbe de st-jacques",jacobaea-vulgaris
cygnes,2020-08-08,solidago canadensis,solidage du canada,solidago-canadensis
cygnes-lot-1,2020-07-07,artemisia verlotiorum,,artemisia-verlotiorum
cygnes-lot-1,2020-07-07,carduus crispus,,carduus-crispus
cygnes-lot-1,2020-07-07,cirsium palustre,,cirsium-palustre
cygnes-lot-1,2020-07-07,cirsium vulgare,,cirsium-vulgare
cygnes-lot-1,2020-07-07,linaria vulgaris,,linaria-vulgaris
cygnes-lot-1,2020-07-07,lactuca serriola,,lactuca-serriola
cygnes-lot-1,2020-07-07,erigeron canadensis,,erigeron-canadensis
cygnes-lot-1,2020-07-07,medicago sativa,,medicago-sativa
cygnes-lot-1,2020-07-07,lotus corniculatus,,lotus-corniculatus
cygnes-lot-2,2020-07-08,matricaria chamomilla,,matricaria-chamomilla
cygnes-lot-2,2020-07-11,daucus carota,,daucus-carota
cygnes-lot-2,2020-07-11,melilotus officinalis,,melilotus-officinalis
cygnes-lot-2,2020-07-11,lotus corniculatus,,lotus-corniculatus
cygnes-lot-2,2020-07-11,erigeron canadensis,,erigeron-canadensis
cygnes-lot-2,2020-07-11,populus alba,,populus-alba
cygnes-lot-2,2020-07-11,lactuca serriola,,lactuca-serriola
cygnes-lot-3,2020-07-07,solidago canadensis,,solidago-canadensis
cygnes-lot-3,2020-07-11,malva sylvestris,,malva-sylvestris
cygnes-lot-3,2020-07-11,buddleja davidii,,buddleja-davidii
cygnes-lot-3,2020-07-11,hypericum perforatum,,hypericum-perforatum
cygnes-lot-3,2020-07-11,pastinaca sativa,,pastinaca-sativa
cygnes-lot-4,2020-07-09,verbascum densiflorum,,verbascum-densiflorum
cygnes-lot-5,2020-09-20,senecio inaequidens,séneçon sud-africain,senecio-inaequidens
cygnes-lot-5,2020-09-20,diplotaxis tenuifolia,diplotaxis à feuilles ténues,diplotaxis-tenuifolia
cygnes-lot-6,2020-07-11,papaver rhoeas,,papaver-rhoeas
cygnes-lot-7,2020-08-30,solidago canadensis,solidage du canada,solidago-canadensis
cygnes-lot-7,2020-08-30,populus alba,peuplier blanc,populus-alba
cygnes-lot-7,2020-08-30,medicago lupulina,"minette, luzerne lupuline",medicago-lupulina
cygnes-lot-7,2020-08-30,buddleja davidii,buddléia de david,buddleja-davidii
cygnes-lot-7,2020-08-30,artemisia vulgaris,armoise commune,artemisia-vulgaris
cygnes-lot-7,2020-08-30,lotus corniculatus,lotier corniculé,lotus-corniculatus
cygnes-lot-7,2020-08-30,erigeron canadensis,vergerette du canada,erigeron-canadensis
cygnes-lot-7,2020-08-30,chenopodium album,chénopode blanc,chenopodium-album
cygnes-lot-8,2020-08-30,artemisia vulgaris,armoise commune,artemisia-vulgaris
cygnes-lot-8,2020-08-30,rosa canina,"eglantier, rosier des chiens",rosa-canina
cygnes-lot-8,2020-08-30,oenothera biennis,,oenothera-biennis
cygnes-lot-8,2020-08-30,medicago sativa,,medicago-sativa
cygnes-lot-8,2020-08-30,medicago lupulina,"minette, luzerne lupuline",medicago-lupulina
cygnes-lot-8,2020-08-30,hypericum perforatum,millepertuis perforé,hypericum-perforatum
cygnes-lot-8,2020-08-30,verbena officinalis,verveine officinale,verbena-officinalis
cygnes-lot-8,2020-08-30,silene vulgaris,silène enflé,silene-vulgaris
cygnes-lot-8,2020-08-30,cirsium arvense,cirse des champs,cirsium-arvense
cygnes-lot-8,2020-08-30,daucus carota,carotte sauvage,daucus-carota
cygnes-lot-8,2020-08-30,lotus corniculatus,lotier corniculé,lotus-corniculatus
cygnes-lot-8,2020-08-30,trifolium pratense,trèfle des prés,trifolium-pratense
cygnes-lot-8,2020-08-30,pastinaca sativa,panais cultivé,pastinaca-sativa
cygnes-lot-8,2020-08-30,echium vulgare,vipérine commune,echium-vulgare
cygnes-lot-8,2020-08-30,senecio inaequidens,séneçon sud-africain,senecio-inaequidens
cygnes-lot-8,2020-07-24,cornus sanguinea,,cornus-sanguinea
cygnes-lot-8,2020-07-24,crataegus monogyna,,crataegus-monogyna
cygnes-lot-8,2020-07-24,oenothera biennis,,oenothera-biennis
dam,2020-08-03,cymbalaria muralis,"ruine de rome, cymbalaire",cymbalaria-muralis
dam,2020-08-03,eupatorium cannabinum,,eupatorium-cannabinum
energie-1,2020-06-16,campanula rotundifolia,,campanula-rotundifolia
energie-1,2020-06-16,galium mollugo,,galium-mollugo
energie-1,2020-06-16,silene vulgaris,,silene-vulgaris
energie-1,2020-06-16,convolvulus arvensis,,convolvulus-arvensis
energie-1,2020-06-16,achillea millefolium,,achillea-millefolium
energie-1,2020-06-16,knautia arvensis,,knautia-arvensis
energie-1,2020-06-16,polygonum aviculare,,polygonum-aviculare
energie-1,2020-08-03,seseli libanotis,séséli libanotis,seseli-libanotis
energie-1,2020-08-03,campanula rotundifolia,campanule à feuilles rondes,campanula-rotundifolia
energie-2,2020-08-03,clematis vitalba,clématite blanche,clematis-vitalba
energie-2,2020-08-03,hypericum perforatum,millepertuis perforé,hypericum-perforatum
energie-2,2020-08-03,eupatorium cannabinum,eupatoire chanvrine,eupatorium-cannabinum
energie-2,2020-08-03,lactuca serriola,laitue serriole,lactuca-serriola
energie-3,2020-06-06,reseda lutea,,reseda-lutea
energie-3,2020-06-06,silene vulgaris,,silene-vulgaris
energie-3,2020-06-06,lactuca serriola,,lactuca-serriola
football-1,2020-07-03,epilobium hirsutum,,epilobium-hirsutum
football-1,2020-07-03,eupatorium cannabinum,,eupatorium-cannabinum
football-1,2020-07-03,solanum dulcamara,,solanum-dulcamara
football-1,2020-07-03,stachys palustris,,stachys-palustris
football-1,2020-07-03,veronica persica,,veronica-persica
football-1,2020-08-04,geranium robertianum,géranium herbe à robert,geranium-robertianum
football-1,2020-08-04,eupatorium cannabinum,eupatoire chanvrine,eupatorium-cannabinum
football-1,2020-08-04,cirsium oleraceum,cirse jaunâtre,cirsium-oleraceum
football-2,2020-07-03,clematis vitalba,,clematis-vitalba
football-2,2020-07-03,lotus corniculatus,,lotus-corniculatus
football-2,2020-07-03,geum urbanum,,geum-urbanum
football-2,2020-08-04,viburnum opulus,"boule de neige, viorne obier",viburnum-opulus
football-2,2020-08-04,angelica sylvestris,angélique sauvage,angelica-sylvestris
football-2,2020-08-04,cirsium arvense,cirse des champs,cirsium-arvense
football-2,2020-08-04,origanum vulgare,"origan, marjolaine",origanum-vulgare
football-3,2020-07-03,lotus corniculatus,,lotus-corniculatus
football-3,2020-07-03,jacobaea vulgaris,,jacobaea-vulgaris
football-3,2020-07-03,sedum sexangulare,,sedum-sexangulare
football-3,2020-07-03,centaurea jacea,,centaurea-jacea
football-4,2020-07-03,origanum vulgare,,origanum-vulgare
football-5,2020-07-03,cichorium intybus,,cichorium-intybus
football-5,2020-07-03,pastinaca sativa,,pastinaca-sativa
football-6,2020-08-03,pastinaca sativa,panais cultivé,pastinaca-sativa
football-6,2020-08-03,alnus glutinosa,"aulne glutineux, verne",alnus-glutinosa
football-6,2020-08-03,jacobaea vulgaris,"séneçon jacobée, herbe de st-jacques",jacobaea-vulgaris
football-6,2020-08-03,origanum vulgare,"origan, marjolaine",origanum-vulgare
frinvillier-fabrique-1,2020-07-08,campanula rotundifolia,,campanula-rotundifolia
frinvillier-fabrique-2,2020-07-08,prenanthes purpurea,,prenanthes-purpurea
frinvillier-fabrique-3,2020-07-08,campanula scheuchzeri,,campanula-scheuchzeri
frinvillier-fabrique-3,2020-07-08,campanula trachelium,,campanula-trachelium
frinvillier-fabrique-4,2020-07-08,filipendula ulmaria,,filipendula-ulmaria
frinvillier-fabrique-4,2020-07-08,eupatorium cannabinum,,eupatorium-cannabinum
frinvillier-fabrique-1,2020-07-08,knautia dipsacifolia,,knautia-dipsacifolia
frinvillier-fabrique-1,2020-07-08,verbascum lychnitis,,verbascum-lychnitis
frinvillier-fabrique-1,2020-07-08,verbascum nigrum,,verbascum-nigrum
frinvillier-fabrique-2,2020-07-08,hypericum perforatum,,hypericum-perforatum
frinvillier-fabrique-2,2020-07-08,melilotus officinalis,,melilotus-officinalis
frinvillier-fabrique-2,2020-07-08,rubus idaeus,,rubus-idaeus
frinvillier-fabrique-4,2020-07-08,jacobaea vulgaris,,jacobaea-vulgaris
frinvillier-fabrique-4,2020-07-08,verbascum nigrum,,verbascum-nigrum
frinvillier-ramp,2020-09-22,ranunculus acris,"bouton d'or, renoncule âcre",ranunculus-acris
frinvillier-ramp,2020-09-22,lactuca muralis,laitue des murs,lactuca-muralis
frinvillier-ramp,2020-09-22,lactuca serriola,laitue serriole,lactuca-serriola
frinvillier-ramp,2020-09-22,solidago virgaurea,solidage verge d'or,solidago-virgaurea
gottstatt-1,2020-08-07,rubus caesius,ronce bleuâtre,rubus-caesius
gottstatt-1,2020-08-07,rumex obtusifolius,"patience sauvage, rumex à feuilles obtuses",rumex-obtusifolius
gottstatt-1,2020-08-07,trifolium pratense,trèfle des prés,trifolium-pratense
gottstatt-1,2020-08-07,cichorium intybus,chicorée sauvage,cichorium-intybus
gottstatt-1,2020-08-07,daucus carota,carotte sauvage,daucus-carota
gottstatt-1,2020-08-07,lamium maculatum,lamier tacheté,lamium-maculatum
gottstatt-1,2020-08-07,chaerophyllum aureum,"chérophylle doré, cerfeuil doré",chaerophyllum-aureum
gottstatt-1,2020-08-07,galium mollugo,"gaillet commun, gaillet blanc",galium-mollugo
gottstatt-1,2020-08-07,centaurea jacea,centaurée jacée,centaurea-jacea
gottstatt-1,2020-08-07,silene vulgaris,silène enflé,silene-vulgaris
gottstatt-1,2020-08-07,medicago sativa,,medicago-sativa
gottstatt-1,2020-08-07,calystegia sepium,liseron des haies,calystegia-sepium
gottstatt-1,2020-08-07,lotus corniculatus,lotier corniculé,lotus-corniculatus
gottstatt-1,2020-08-07,arctium lappa,bardane commune,arctium-lappa
gottstatt-2,2020-08-16,galium mollugo,"gaillet commun, gaillet blanc",galium-mollugo
gottstatt-2,2020-08-16,daucus carota,carotte sauvage,daucus-carota
gottstatt-2,2020-08-16,rumex obtusifolius,"patience sauvage, rumex à feuilles obtuses",rumex-obtusifolius
gottstatt-2,2020-08-16,lotus corniculatus,lotier corniculé,lotus-corniculatus
gottstatt-2,2020-08-16,medicago sativa,,medicago-sativa
gottstatt-2,2020-08-16,knautia arvensis,knautie des champs,knautia-arvensis
gottstatt-2,2020-08-16,acer pseudoplatanus,"erable des montagnes, erable sycomore",acer-pseudoplatanus
gottstatt-3,2020-08-24,achillea millefolium,achillée millefeuille,achillea-millefolium
gottstatt-3,2020-08-24,cirsium arvense,cirse des champs,cirsium-arvense
gottstatt-3,2020-08-24,daucus carota,carotte sauvage,daucus-carota
gottstatt-3,2020-08-24,galium mollugo,"gaillet commun, gaillet blanc",galium-mollugo
gottstatt-3,2020-08-24,lotus corniculatus,lotier corniculé,lotus-corniculatus
gottstatt-3,2020-08-24,malva moschata,mauve musquée,malva-moschata
gottstatt-3,2020-08-24,plantago media,plantain moyen,plantago-media
gottstatt-3,2020-08-24,rumex obtusifolius,"patience sauvage, rumex à feuilles obtuses",rumex-obtusifolius
gottstatt-3,2020-08-24,silene vulgaris,silène enflé,silene-vulgaris
gottstatt-3,2020-08-24,solanum dulcamara,morelle douce-amère,solanum-dulcamara
gottstatt-3,2020-08-24,solidago canadensis,solidage du canada,solidago-canadensis
gottstatt-3,2020-08-24,trifolium pratense,trèfle des prés,trifolium-pratense
gottstatt-3,2020-08-24,vicia cracca,vesce cracca,vicia-cracca
gottstatt-3,2020-08-24,verbena officinalis,verveine officinale,verbena-officinalis
hayek-1,2020-09-01,reseda lutea,réséda jaune,reseda-lutea
hayek-1,2020-09-01,cosmos bipinnatus,,cosmos-bipinnatus
hayek-1,2020-09-01,symphytum officinale,consoude officinale,symphytum-officinale
hayek-1,2020-09-01,medicago sativa,,medicago-sativa
jura-1,2020-07-28,senecio inaequidens,séneçon sud-africain,senecio-inaequidens
jura-1,2020-08-08,dianthus carthusianorum,oeillet des chartreux,dianthus-carthusianorum
jura-1,2020-08-08,eupatorium cannabinum,eupatoire chanvrine,eupatorium-cannabinum
jura-1,2020-08-08,knautia arvensis,,knautia-arvensis
jura-1,2020-08-08,origanum vulgare,"origan, marjolaine",origanum-vulgare
jura-2,2020-07-09,verbascum nigrum,,verbascum-nigrum
jura-2,2020-06-20,onobrychis viciifolia,,onobrychis-viciifolia
jura-2,2020-06-20,securigera varia,,securigera-varia
jura-2,2020-06-28,chelidonium majus,,chelidonium-majus
jura-2,2020-06-28,malva alcea,,malva-alcea
jura-2,2020-06-28,silene vulgaris,,silene-vulgaris
jura-2,2020-06-28,reseda lutea,,reseda-lutea
jura-2,2020-06-28,echium vulgare,,echium-vulgare
jura-2,2020-06-28,calystegia sepium,,calystegia-sepium
jura-2,2020-06-28,geum urbanum,,geum-urbanum
lezard-1,2020-07-12,malva alcea,,malva-alcea
lezard-1,2020-08-04,galeopsis tetrahit,"ortie royale, galéopsis tétrahit",galeopsis-tetrahit
lezard-1,2020-08-04,linaria vulgaris,linaire commune,linaria-vulgaris
lezard-1,2020-08-04,cornus sanguinea,cornouiller sanguin,cornus-sanguinea
lezard-1,2020-08-04,malva alcea,mauve alcée,malva-alcea
ligerz-favorite,2020-07-29,sedum album,orpin blanc,sedum-album
ligerz-favorite,2020-07-29,crepis capillaris,,crepis-capillaris
lucherz-bureli,2020-07-27,bellis perennis,pâquerette vivace,bellis-perennis
lucherz-bureli,2020-07-27,filipendula ulmaria,"reine des prés, spirée",filipendula-ulmaria
lucherz-bureli,2020-07-27,ranunculus acris,,ranunculus-acris
lucherz-seestrasse,2020-07-27,circaea lutetiana,"herbe des sorcières, circée commune",circaea-lutetiana
lucherz-seestrasse,2020-07-27,filipendula ulmaria,"reine des prés, spirée",filipendula-ulmaria
lucherz-seestrasse,2020-07-27,chaerophyllum temulum,chérophylle penché,chaerophyllum-temulum
lucherz-seestrasse,2020-07-27,lythrum salicaria,salicaire commune,lythrum-salicaria
lucherz-seestrasse,2020-07-27,knautia dipsacifolia,,knautia-dipsacifolia
lucherz-seestrasse,2020-07-27,viburnum lantana,"mancienne, viorne lantane",viburnum-lantana
lucherz-seestrasse,2020-07-27,galium mollugo,"gaillet commun, gaillet blanc",galium-mollugo
lucherz-seestrasse,2020-07-27,heracleum sphondylium,"patte d'ours, berce des prés",heracleum-sphondylium
lucherz-seestrasse,2020-07-27,urtica dioica,ortie dioïque,urtica-dioica
orvin-petit-moulin,2020-09-17,trifolium pratense,trèfle des prés,trifolium-pratense
orvin-petit-moulin,2020-09-17,knautia arvensis,knautie des champs,knautia-arvensis
orvin-petit-moulin,2020-09-17,trifolium dubium,trèfle douteux,trifolium-dubium
orvin-petit-moulin,2020-09-17,galeopsis tetrahit,"ortie royale, galéopsis tétrahit",galeopsis-tetrahit
orvin-petit-moulin,2020-09-17,rubus caesius,ronce bleuâtre,rubus-caesius
orvin-petit-moulin,2020-09-17,prunus spinosa,"epine noire, prunellier",prunus-spinosa
pery-taubenlochweg,2020-09-22,echium vulgare,vipérine commune,echium-vulgare
pery-taubenlochweg,2020-09-22,centaurea jacea,centaurée jacée,centaurea-jacea
pery-taubenlochweg,2020-09-22,galium mollugo,"gaillet commun, gaillet blanc",galium-mollugo
pery-taubenlochweg,2020-09-22,medicago sativa,,medicago-sativa
pery-taubenlochweg,2020-09-22,silene vulgaris,silène enflé,silene-vulgaris
pery-taubenlochweg,2020-09-22,verbascum nigrum,molène noire,verbascum-nigrum
pieterlen-stockweg,2020-09-25,silene dioica,"silène dioïque, compagnon rouge",silene-dioica
reichenbach,2020-09-23,erigeron canadensis,vergerette du canada,erigeron-canadensis
reichenbach,2020-09-23,cirsium oleraceum,cirse jaunâtre,cirsium-oleraceum
reichenbach,2020-09-23,reynoutria japonica,renouée du japon,reynoutria-japonica
reichenbach,2020-09-23,pilosella aurantiaca,,pilosella-aurantiaca
reichenbach,2020-09-23,eupatorium cannabinum,eupatoire chanvrine,eupatorium-cannabinum
reichenbach,2020-09-23,rubus caesius,ronce bleuâtre,rubus-caesius
reichenbach,2020-09-23,mentha aquatica,menthe aquatique,mentha-aquatica
reichenbach,2020-09-23,cirsium arvense,cirse des champs,cirsium-arvense
reichenbach,2020-09-23,tragopogon pratensis,salsifis des prés,tragopogon-pratensis
rondchatel,2020-09-22,geranium pyrenaicum,géranium des pyrénées,geranium-pyrenaicum
rondchatel,2020-09-22,achillea millefolium,achillée millefeuille,achillea-millefolium
rondchatel,2020-09-22,picris hieracioides,"picride fausse épervière, picride amère",picris-hieracioides
rondchatel,2020-09-22,urtica dioica,ortie dioïque,urtica-dioica
rondchatel,2020-09-22,solidago canadensis,solidage du canada,solidago-canadensis
rondchatel,2020-09-22,calystegia sepium,liseron des haies,calystegia-sepium
rondchatel,2020-09-22,lamium maculatum,lamier tacheté,lamium-maculatum
rue-alfred-aebi,2020-08-11,urtica dioica,ortie dioïque,urtica-dioica
rue-alfred-aebi,2020-08-11,symphoricarpos albus,symphorine blanche,symphoricarpos-albus
rue-alfred-aebi,2020-08-11,acer pseudoplatanus,"erable des montagnes, erable sycomore",acer-pseudoplatanus
rue-alfred-aebi,2020-08-11,corylus avellana,"coudrier, noisetier",corylus-avellana
rue-alfred-aebi,2020-08-11,acer pseudoplatanus,"erable des montagnes, erable sycomore",acer-pseudoplatanus
rue-alfred-aebi,2020-08-11,sambucus nigra,"grand sureau, sureau noir",sambucus-nigra
rue-alfred-aebi,2020-08-12,viburnum rhytidophyllum,,viburnum-rhytidophyllum
rue-centrale,2020-07-11,lathyrus latifolius,,lathyrus-latifolius
rue-centrale,2020-07-11,malva moschata,,malva-moschata
rue-centrale,2020-07-11,stachys byzantina,,stachys-byzantina
rue-centrale,2020-07-11,dianthus armeria,,dianthus-armeria
rue-centrale,2020-07-11,rubus caesius,,rubus-caesius
rue-de-leau-1,2020-08-23,achillea millefolium,achillée millefeuille,achillea-millefolium
rue-de-leau-1,2020-08-23,buddleja davidii,buddléia de david,buddleja-davidii
rue-de-leau-1,2020-08-23,daucus carota,carotte sauvage,daucus-carota
rue-de-leau-1,2020-08-23,solanum nigrum,morelle noire,solanum-nigrum
rue-de-leau-1,2020-08-23,stachys recta,epiaire droite,stachys-recta
rue-de-leau-1,2020-08-23,centaurea scabiosa,centaurée scabieuse,centaurea-scabiosa
rue-de-leau-1,2020-08-23,lotus corniculatus,lotier corniculé,lotus-corniculatus
rue-de-leau-1,2020-08-23,hypericum perforatum,millepertuis perforé,hypericum-perforatum
rue-de-leau-1,2020-08-23,oenothera biennis,,oenothera-biennis
rue-de-leau-1,2020-08-23,centaurea jacea,centaurée jacée,centaurea-jacea
rue-de-leau-1,2020-08-23,centaurea jacea,centaurée jacée,centaurea-jacea
rue-de-leau-1,2020-08-23,trifolium pratense,trèfle des prés,trifolium-pratense
rue-de-leau-1,2020-08-23,melilotus albus,mélilot blanc,melilotus-albus
rue-de-leau-1,2020-08-23,erigeron canadensis,vergerette du canada,erigeron-canadensis
rue-de-leau-2,2020-08-01,brassica napus,,brassica-napus
rue-de-leau-2,2020-08-03,crepis capillaris,,crepis-capillaris
rue-de-leau-2,2020-08-03,silene vulgaris,silène enflé,silene-vulgaris
rue-de-leau-2,2020-08-03,picris hieracioides,"picride fausse épervière, picride amère",picris-hieracioides
rue-de-leau-3,2020-08-01,oenothera biennis,,oenothera-biennis
rue-de-leau-3,2020-08-01,silene vulgaris,silène enflé,silene-vulgaris
rue-de-leau-3,2020-08-01,silene latifolia,compagnon blanc,silene-latifolia
rue-de-leau-3,2020-08-01,reseda lutea,réséda jaune,reseda-lutea
rue-de-leau-3,2020-08-01,centaurea scabiosa,centaurée scabieuse,centaurea-scabiosa
rue-de-leau-3,2020-08-01,tragopogon pratensis,,tragopogon-pratensis
rue-de-leau-3,2020-08-01,daucus carota,carotte sauvage,daucus-carota
rue-de-leau-4,2020-08-17,galium mollugo,"gaillet commun, gaillet blanc",galium-mollugo
rue-de-leau-4,2020-08-17,erigeron canadensis,vergerette du canada,erigeron-canadensis
rue-de-leau-4,2020-08-17,lotus corniculatus,lotier corniculé,lotus-corniculatus
rue-de-leau-4,2020-08-17,rumex obtusifolius,"patience sauvage, rumex à feuilles obtuses",rumex-obtusifolius
rue-de-leau-4,2020-08-17,trifolium pratense,trèfle des prés,trifolium-pratense
rue-de-leau-4,2020-08-17,daucus carota,carotte sauvage,daucus-carota
rue-de-leau-4,2020-08-17,silene vulgaris,silène enflé,silene-vulgaris
rue-de-leau-4,2020-08-17,achillea millefolium,achillée millefeuille,achillea-millefolium
rue-de-leau-4,2020-08-17,melilotus albus,mélilot blanc,melilotus-albus
rue-de-leau-4,2020-08-17,stachys recta,epiaire droite,stachys-recta
rue-de-leau-4,2020-08-17,centaurea scabiosa,centaurée scabieuse,centaurea-scabiosa
rue-de-leau-4,2020-08-17,centaurea jacea,centaurée jacée,centaurea-jacea
rue-de-leau-5,2020-08-18,prunella grandiflora,brunelle à grandes fleurs,prunella-grandiflora
rue-de-leau-5,2020-08-18,leucanthemum vulgare,marguerite précoce,leucanthemum-vulgare
rue-de-leau-5,2020-08-18,lotus corniculatus,lotier corniculé,lotus-corniculatus
rue-de-leau-5,2020-08-18,daucus carota,carotte sauvage,daucus-carota
rue-de-leau-5,2020-08-18,trifolium pratense,trèfle des prés,trifolium-pratense
rue-de-leau-5,2020-08-18,silene vulgaris,silène enflé,silene-vulgaris
rue-de-leau-5,2020-08-18,achillea millefolium,achillée millefeuille,achillea-millefolium
saint-ursanne-falls,2020-08-20,impatiens glandulifera,impatiente glanduleuse,impatiens-glandulifera
salome-1,2020-08-15,mentha spicata,menthe en grappe,mentha-spicata
salome-1,2020-08-15,artemisia vulgaris,armoise commune,artemisia-vulgaris
salome-1,2020-08-15,populus alba,peuplier blanc,populus-alba
salome-1,2020-08-15,alnus glutinosa,"aulne glutineux, verne",alnus-glutinosa
salome-1,2020-08-15,salix alba,,salix-alba
salome-1,2020-08-15,salix purpurea,"osier rouge, saule pourpre",salix-purpurea
salome-1,2020-08-15,sambucus nigra,"grand sureau, sureau noir",sambucus-nigra
salome-1,2020-08-15,crataegus monogyna,"aubépine à un style, epine blanche",crataegus-monogyna
salome-2,2020-06-05,galium mollugo,,galium-mollugo
salome-2,2020-07-23,echium vulgare,,echium-vulgare
salome-2,2020-07-24,sedum sexangulare,,sedum-sexangulare
salome-2,2020-07-24,sedum album,,sedum-album
salome-3,2020-06-05,senecio inaequidens,,senecio-inaequidens
salome-3,2020-06-05,sedum album,,sedum-album
salome-4,2020-06-03,galium album,,galium-album
salome-4,2020-06-03,sedum album,,sedum-album
salome-5,2020-06-24,cirsium palustre,,cirsium-palustre
salome-5,2020-06-24,sisymbrium officinale,,sisymbrium-officinale
salome-5,2020-06-24,urtica dioica,,urtica-dioica
salome-5,2020-06-24,galium mollugo,,galium-mollugo
salome-5,2020-06-24,mentha spicata,,mentha-spicata
salome-5,2020-06-24,oenothera biennis,,oenothera-biennis
salome-5,2020-06-24,hypericum maculatum,,hypericum-maculatum
salome-5,2020-06-24,medicago sativa,,medicago-sativa
schlosslifeld-1,2020-07-04,cichorium intybus,,cichorium-intybus
schlosslifeld-1,2020-07-04,echium vulgare,,echium-vulgare
schlosslifeld-2,2020-07-04,potentilla reptans,,potentilla-reptans
schlosslifeld-2,2020-07-04,echium vulgare,,echium-vulgare
schlosslifeld-2,2020-07-04,silene latifolia,,silene-latifolia
schlosslifeld-2,2020-07-04,cichorium intybus,,cichorium-intybus
schlosslifeld-2,2020-07-04,malva alcea,,malva-alcea
schlosslifeld-2,2020-08-19,galeopsis tetrahit,"ortie royale, galéopsis tétrahit",galeopsis-tetrahit
schlosslifeld-2,2020-08-19,silene latifolia,compagnon blanc,silene-latifolia
schlosslifeld-2,2020-08-19,polygonum aviculare,renouée des oiseaux,polygonum-aviculare
schlosslifeld-2,2020-08-19,echium vulgare,vipérine commune,echium-vulgare
schlosslifeld-2,2020-08-19,chaenorhinum minus,chénorhinum mineur (groupe),chaenorhinum-minus
schlosslifeld-2,2020-08-19,geranium pusillum,géranium fluet,geranium-pusillum
schlosslifeld-2,2020-08-19,acer pseudoplatanus,"erable des montagnes, erable sycomore",acer-pseudoplatanus
schlosslifeld-2,2020-08-19,dianthus armeria,oeillet arméria,dianthus-armeria
schlosslifeld-3,2020-07-04,filipendula ulmaria,,filipendula-ulmaria
schlosslifeld-3,2020-07-04,echium vulgare,,echium-vulgare
schlosslifeld-3,2020-07-04,melilotus albus,,melilotus-albus
schlosslifeld-3,2020-07-04,ranunculus acris,,ranunculus-acris
schlosslifeld-3,2020-07-04,tragopogon pratensis,,tragopogon-pratensis
schlosslifeld-3,2020-07-07,malva alcea,,malva-alcea
schlosslifeld-3,2020-07-04,malva sylvestris,,malva-sylvestris
schlosslistrasse,2020-06-18,alcea rosea,,alcea-rosea
schlosslistrasse,2020-06-18,geranium molle,,geranium-molle
schlosslistrasse,2020-06-18,achillea millefolium,,achillea-millefolium
schlosslistrasse,2020-06-18,senecio inaequidens,,senecio-inaequidens
schlosslistrasse,2020-06-18,daucus carota,,daucus-carota
schlosslistrasse,2020-06-18,lepidium virginicum,,lepidium-virginicum
schussinsel-3,2020-07-10,daucus carota,,daucus-carota
schussinsel-1,2020-07-10,convolvulus arvensis,,convolvulus-arvensis
schussinsel-2,2020-07-10,lactuca serriola,,lactuca-serriola
schussinsel-2,2020-07-10,tragopogon pratensis,,tragopogon-pratensis
schussinsel-3,2020-07-10,oenothera biennis,,oenothera-biennis
schussinsel-3,2020-07-10,hypericum perforatum,,hypericum-perforatum
schussinsel-3,2020-07-10,verbascum thapsus,,verbascum-thapsus
schussinsel-3,2020-07-10,medicago sativa,,medicago-sativa
schussinsel-3,2020-07-10,cirsium arvense,,cirsium-arvense
schussinsel-4,2020-09-01,centaurea jacea,centaurée jacée,centaurea-jacea
schussinsel-4,2020-09-01,erigeron canadensis,vergerette du canada,erigeron-canadensis
schussinsel-4,2020-09-01,silene vulgaris,silène enflé,silene-vulgaris
schussinsel-4,2020-09-01,lotus corniculatus,lotier corniculé,lotus-corniculatus
schussinsel-4,2020-09-01,salvia pratensis,sauge des prés,salvia-pratensis
schussinsel-4,2020-09-01,trifolium pratense,trèfle des prés,trifolium-pratense
schussinsel-4,2020-09-01,trifolium repens,trèfle rampant,trifolium-repens
schussinsel-4,2020-09-01,campanula rotundifolia,campanule à feuilles rondes,campanula-rotundifolia
schussinsel-4,2020-09-01,calystegia sepium,liseron des haies,calystegia-sepium
schussinsel-4,2020-09-01,centaurea jacea,,centaurea-jacea
schussinsel-4,2020-09-01,scabiosa columbaria,scabieuse colombaire,scabiosa-columbaria
schussinsel-4,2020-09-01,trifolium pratense,trèfle des prés,trifolium-pratense
schussinsel-4,2020-09-01,silene vulgaris,silène enflé,silene-vulgaris
schussinsel-4,2020-09-01,leucanthemum vulgare,marguerite précoce,leucanthemum-vulgare
schussinsel-4,2020-09-01,onobrychis viciifolia,,onobrychis-viciifolia
schussinsel-5,2020-09-02,rumex obtusifolius,"patience sauvage, rumex à feuilles obtuses",rumex-obtusifolius
schussinsel-5,2020-09-02,salvia pratensis,sauge des prés,salvia-pratensis
schussinsel-5,2020-09-02,centaurea jacea,centaurée jacée,centaurea-jacea
schussinsel-5,2020-09-02,knautia arvensis,knautie des champs,knautia-arvensis
schussinsel-5,2020-09-02,leucanthemum vulgare,marguerite précoce,leucanthemum-vulgare
schussinsel-5,2020-09-02,succisa pratensis,succise des prés,succisa-pratensis
schussinsel-5,2020-09-02,urtica dioica,ortie dioïque,urtica-dioica
schussinsel-5,2020-09-02,epilobium hirsutum,epilobe velu,epilobium-hirsutum
schussinsel-5,2020-09-02,eupatorium cannabinum,eupatoire chanvrine,eupatorium-cannabinum
schussinsel-5,2020-09-02,galium mollugo,"gaillet commun, gaillet blanc",galium-mollugo
schussinsel-5,2020-09-02,artemisia vulgaris,armoise commune,artemisia-vulgaris
schussinsel-5,2020-09-02,potentilla reptans,quintefeuille,potentilla-reptans
schussinsel-5,2020-09-02,silene vulgaris,silène enflé,silene-vulgaris
schussinsel-5,2020-09-02,lotus corniculatus,lotier corniculé,lotus-corniculatus
schussinsel-6,2020-09-02,medicago sativa,,medicago-sativa
schussinsel-6,2020-09-02,daucus carota,carotte sauvage,daucus-carota
schussinsel-6,2020-09-02,silene vulgaris,silène enflé,silene-vulgaris
schussinsel-6,2020-09-02,epilobium hirsutum,epilobe velu,epilobium-hirsutum
schussinsel-6,2020-09-02,urtica dioica,ortie dioïque,urtica-dioica
schussinsel-6,2020-09-02,solidago canadensis,solidage du canada,solidago-canadensis
schussinsel-6,2020-09-02,galium mollugo,"gaillet commun, gaillet blanc",galium-mollugo
schussinsel-6,2020-09-02,trifolium repens,trèfle rampant,trifolium-repens
schussinsel-6,2020-09-02,clinopodium vulgare,sarriette clinopode,clinopodium-vulgare
schussinsel-6,2020-09-02,leucanthemum vulgare,marguerite précoce,leucanthemum-vulgare
schussinsel-6,2020-09-02,trifolium pratense,trèfle des prés,trifolium-pratense
schussinsel-6,2020-09-02,lotus corniculatus,lotier corniculé,lotus-corniculatus
schussinsel-6,2020-09-02,onobrychis viciifolia,"esparcette commune, sainfoin",onobrychis-viciifolia
sonnenfeld-1,2020-06-09,bryonia dioica,,bryonia-dioica
sonnenfeld-1,2020-06-18,geranium robertianum,,geranium-robertianum
sonnenfeld-1,2020-06-18,bryonia dioica,,bryonia-dioica
sonnenfeld-1,2020-06-18,daucus carota,,daucus-carota
sonnenfeld-1,2020-06-18,malva alcea,,malva-alcea
sonnenfeld-1,2020-06-18,senecio inaequidens,,senecio-inaequidens
sonnenfeld-2,2020-07-04,melilotus albus,,melilotus-albus
sonnenfeld-2,2020-07-04,daucus carota,,daucus-carota
sonnenfeld-2,2020-07-04,geranium robertianum,,geranium-robertianum
sonnenfeld-2,2020-07-04,senecio inaequidens,,senecio-inaequidens
strom,2020-08-14,mentha spicata,menthe en grappe,mentha-spicata
strom,2020-08-14,verbena officinalis,,verbena-officinalis
strom,2020-08-14,hypericum perforatum,millepertuis perforé,hypericum-perforatum
strom,2020-08-14,lactuca muralis,laitue des murs,lactuca-muralis
strom,2020-08-14,eupatorium cannabinum,eupatoire chanvrine,eupatorium-cannabinum
strom,2020-08-14,crepis biennis,,crepis-biennis
strom,2020-08-14,clematis vitalba,clématite blanche,clematis-vitalba
strom,2020-08-14,saponaria officinalis,saponaire officinale,saponaria-officinalis
sundgraben-beach,2020-08-26,buddleja davidii,buddléia de david,buddleja-davidii
sundgraben-beach,2020-08-26,cornus sanguinea,cornouiller sanguin,cornus-sanguinea
sundgraben-beach,2020-08-26,cotoneaster horizontalis,cotonéaster horizontal,cotoneaster-horizontalis
sundgraben-beach,2020-08-26,epilobium angustifolium,epilobe à feuilles étroites,epilobium-angustifolium
sundgraben-beach,2020-08-26,epilobium parviflorum,epilobe à petites fleurs,epilobium-parviflorum
sundgraben-beach,2020-08-26,epilobium fleischeri,"epilobe des alluvions, epilobe de fleischer",epilobium-fleischeri
sundgraben-beach,2020-08-26,erigeron canadensis,vergerette du canada,erigeron-canadensis
sundgraben-beach,2020-08-26,eupatorium cannabinum,eupatoire chanvrine,eupatorium-cannabinum
sundgraben-beach,2020-08-26,hippocrepis emerus,"hippocrépide buissonnante, coronille émérus",hippocrepis-emerus
sundgraben-beach,2020-08-26,hypochaeris radicata,"porcelle enracinée, porcelle des prés",hypochaeris-radicata
sundgraben-beach,2020-08-26,origanum vulgare,"origan, marjolaine",origanum-vulgare
sundgraben-beach,2020-08-26,oxalis dillenii,oxalis de dillenius,oxalis-dillenii
sundgraben-beach,2020-08-26,rubus caesius,ronce bleuâtre,rubus-caesius
sundgraben-beach,2020-08-26,senecio inaequidens,séneçon sud-africain,senecio-inaequidens
sundgraben-beach,2020-08-26,silene vulgaris,silène enflé,silene-vulgaris
sundgraben-beach,2020-08-26,trifolium medium,trèfle intermédiaire,trifolium-medium
sundgraben-bridge-left,2020-09-05,galeopsis tetrahit,"ortie royale, galéopsis tétrahit",galeopsis-tetrahit
sundgraben-bridge-left,2020-09-05,oxalis dillenii,oxalis de dillenius,oxalis-dillenii
sundgraben-bridge-left,2020-09-05,linaria repens,linaire striée,linaria-repens
sundgraben-bridge-left,2020-09-05,oenothera biennis,,oenothera-biennis
sundgraben-bridge-left,2020-09-05,clinopodium vulgare,sarriette clinopode,clinopodium-vulgare
sundgraben-bridge-left,2020-09-05,achillea millefolium,achillée millefeuille,achillea-millefolium
sundgraben-bridge-left,2020-09-05,reseda lutea,réséda jaune,reseda-lutea
sundgraben-bridge-left,2020-09-05,daucus carota,carotte sauvage,daucus-carota
sundgraben-bridge-left,2020-09-05,linaria vulgaris,linaire commune,linaria-vulgaris
sundgraben-bridge-left,2020-09-05,lotus corniculatus,lotier corniculé,lotus-corniculatus
sundgraben-bridge-left,2020-09-05,centaurea scabiosa,centaurée scabieuse,centaurea-scabiosa
sundgraben-bridge-left,2020-09-05,hypericum perforatum,millepertuis perforé,hypericum-perforatum
sundgraben-bridge-left,2020-09-05,trifolium medium,trèfle intermédiaire,trifolium-medium
sundgraben-bridge-left,2020-09-05,calystegia sepium,liseron des haies,calystegia-sepium
sundgraben-bridge-left,2020-09-05,buddleja davidii,buddléia de david,buddleja-davidii
sundgraben-bridge-left,2020-09-05,cyclamen purpurascens,cyclamen d'europe,cyclamen-purpurascens
sundgraben-forest-left,2020-09-13,hippocrepis emerus,"hippocrépide buissonnante, coronille émérus",hippocrepis-emerus
sundgraben-forest-left,2020-09-13,lysimachia arvensis,mouron des champs,lysimachia-arvensis
sundgraben-forest-left,2020-09-13,oxalis dillenii,oxalis de dillenius,oxalis-dillenii
sundgraben-forest-left,2020-09-13,knautia arvensis,knautie des champs,knautia-arvensis
sundgraben-forest-right,2020-09-13,trifolium pratense,trèfle des prés,trifolium-pratense
sundgraben-forest-right,2020-09-13,medicago sativa,,medicago-sativa
sundgraben-forest-right,2020-09-13,centaurea scabiosa,centaurée scabieuse,centaurea-scabiosa
sundgraben-forest-right,2020-09-13,rorippa sylvestris,cresson des forêts,rorippa-sylvestris
sundgraben-forest-right,2020-09-13,centaurea jacea,centaurée jacée,centaurea-jacea
sundgraben-forest-right,2020-09-13,achillea millefolium,achillée millefeuille,achillea-millefolium
sundgraben-forest-right,2020-09-13,daucus carota,carotte sauvage,daucus-carota
sundgraben-forest-right,2020-09-13,silene vulgaris,silène enflé,silene-vulgaris
sundgraben-forest-right,2020-09-13,eupatorium cannabinum,eupatoire chanvrine,eupatorium-cannabinum
sundgraben-forest-right,2020-09-13,erigeron canadensis,vergerette du canada,erigeron-canadensis
sundgraben-forest-right,2020-09-05,melampyrum pratense,mélampyre des prés,melampyrum-pratense
sundgraben-gorge,2020-09-13,calystegia sepium,liseron des haies,calystegia-sepium
sundgraben-gorge,2020-09-13,oenothera biennis,,oenothera-biennis
sundgraben-gorge,2020-09-13,centaurea scabiosa,centaurée scabieuse,centaurea-scabiosa
sundgraben-gorge,2020-09-13,clinopodium vulgare,sarriette clinopode,clinopodium-vulgare
sundgraben-gorge,2020-09-13,linaria vulgaris,linaire commune,linaria-vulgaris
sundgraben-gorge,2020-09-13,rudbeckia hirta,rudbeckie hérissée,rudbeckia-hirta
sundgraben-gorge,2020-09-13,eupatorium cannabinum,eupatoire chanvrine,eupatorium-cannabinum
sundgraben-gorge,2020-09-13,antirrhinum majus,"grand muflier, gueule de loup",antirrhinum-majus
sundgraben-port,2020-09-05,trifolium pratense,trèfle des prés,trifolium-pratense
sundgraben-port,2020-09-05,daucus carota,carotte sauvage,daucus-carota
sundgraben-port,2020-09-05,verbena officinalis,verveine officinale,verbena-officinalis
sundgraben-port,2020-09-05,eupatorium cannabinum,eupatoire chanvrine,eupatorium-cannabinum
sundgraben-port,2020-09-05,erigeron canadensis,vergerette du canada,erigeron-canadensis
sundgraben-port,2020-09-05,oxalis corniculata,oxalis corniculé,oxalis-corniculata
sureaux,2020-07-28,crepis capillaris,crépide capillaire,crepis-capillaris
sureaux,2020-07-28,trifolium pratense,trèfle des prés,trifolium-pratense
sureaux,2020-07-28,heracleum sphondylium,"patte d'ours, berce des prés",heracleum-sphondylium
sureaux,2020-08-09,chenopodium album,chénopode blanc,chenopodium-album
sureaux,2020-08-09,erigeron canadensis,vergerette du canada,erigeron-canadensis
sureaux,2020-08-09,ranunculus repens,renoncule rampante,ranunculus-repens
sureaux,2020-08-09,geranium pyrenaicum,géranium des pyrénées,geranium-pyrenaicum
sureaux,2020-08-09,rubus caesius,ronce bleuâtre,rubus-caesius
sureaux,2020-08-09,filipendula ulmaria,"reine des prés, spirée",filipendula-ulmaria
sureaux,2020-08-09,achillea millefolium,achillée millefeuille,achillea-millefolium
sureaux,2020-08-09,galium mollugo,"gaillet commun, gaillet blanc",galium-mollugo
sureaux,2020-08-09,aethusa cynapium,"petite ciguë, ethuse ciguë",aethusa-cynapium
sureaux,2020-08-09,carduus crispus,chardon crépu,carduus-crispus
sureaux,2020-08-09,rumex obtusifolius,"patience sauvage, rumex à feuilles obtuses",rumex-obtusifolius
lezard-2,2020-08-04,echium vulgare,vipérine commune,echium-vulgare
lezard-2,2020-08-04,cichorium intybus,chicorée sauvage,cichorium-intybus
parc-muni,2020-08-13,epilobium roseum,epilobe rosé,epilobium-roseum
parc-muni,2020-08-13,epilobium parviflorum,epilobe à petites fleurs,epilobium-parviflorum
parc-muni,2020-08-13,veronica beccabunga,"cresson de cheval, véronique beccabunga",veronica-beccabunga
parc-muni,2020-08-13,cyclamen hederifolium,cyclamen de naples,cyclamen-hederifolium
salome-2,2020-08-15,solidago canadensis,solidage du canada,solidago-canadensis
swatch-1,2020-08-08,artemisia vulgaris,armoise commune,artemisia-vulgaris
swatch-1,2020-08-08,cirsium arvense,cirse des champs,cirsium-arvense
swatch-1,2020-08-08,galium mollugo,"gaillet commun, gaillet blanc",galium-mollugo
swatch-1,2020-08-08,lathyrus sylvestris,gesse à larges feuilles,lathyrus-sylvestris
swatch-1,2020-08-08,securigera varia,coronille bigarrée,securigera-varia
swatch-1,2020-08-08,silene vulgaris,silène enflé,silene-vulgaris
swatch-1,2020-08-08,trifolium pratense,trèfle des prés,trifolium-pratense
swatch-2,2020-08-31,medicago sativa,,medicago-sativa
swatch-2,2020-08-31,centaurea scabiosa,centaurée scabieuse,centaurea-scabiosa
swatch-2,2020-08-31,centaurea jacea,centaurée jacée,centaurea-jacea
swatch-2,2020-08-31,leucanthemum vulgare,marguerite précoce,leucanthemum-vulgare
swatch-2,2020-08-31,reseda lutea,réséda jaune,reseda-lutea
swatch-2,2020-08-31,melilotus albus,mélilot blanc,melilotus-albus
swatch-2,2020-08-31,lathyrus pratensis,gesse des prés,lathyrus-pratensis
swatch-2,2020-08-31,reseda lutea,réséda jaune,reseda-lutea
swatch-2,2020-08-31,cirsium vulgare,cirse commun,cirsium-vulgare
swatch-2,2020-08-31,rumex obtusifolius,"patience sauvage, rumex à feuilles obtuses",rumex-obtusifolius
swatch-2,2020-08-31,trifolium repens,trèfle rampant,trifolium-repens
swatch-2,2020-08-31,mentha spicata,menthe en grappe,mentha-spicata
swatch-2,2020-08-31,clematis vitalba,clématite blanche,clematis-vitalba
swatch-2,2020-08-31,calystegia sepium,liseron des haies,calystegia-sepium
swatch-2,2020-08-31,daucus carota,carotte sauvage,daucus-carota
swatch-2,2020-08-31,cirsium arvense,cirse des champs,cirsium-arvense
swatch-2,2020-08-31,trifolium pratense,trèfle des prés,trifolium-pratense
swatch-2,2020-08-31,silene vulgaris,silène enflé,silene-vulgaris
taubenloch-1,2020-08-18,galeopsis tetrahit,"ortie royale, galéopsis tétrahit",galeopsis-tetrahit
taubenloch-1,2020-08-18,epilobium collinum,epilobe des coteaux,epilobium-collinum
taubenloch-1,2020-08-18,geranium robertianum,géranium herbe à robert,geranium-robertianum
taubenloch-1,2020-08-18,hylotelephium telephium,orpin reprise,hylotelephium-telephium
taubenloch-1,2020-08-18,lactuca muralis,laitue des murs,lactuca-muralis
taubenloch-1,2020-08-18,lapsana communis,lapsane commune,lapsana-communis
taubenloch-1,2020-08-18,galeopsis tetrahit,"ortie royale, galéopsis tétrahit",galeopsis-tetrahit
taubenloch-1,2020-08-18,campanula trachelium,campanule gantelée,campanula-trachelium
taubenloch-2,2020-08-22,campanula trachelium,campanule gantelée,campanula-trachelium
taubenloch-2,2020-08-22,solanum dulcamara,morelle douce-amère,solanum-dulcamara
taubenloch-2,2020-08-22,galeopsis tetrahit,"ortie royale, galéopsis tétrahit",galeopsis-tetrahit
taubenloch-2,2020-08-22,salvia glutinosa,sauge glutineuse,salvia-glutinosa
taubenloch-2,2020-08-22,campanula rotundifolia,campanule à feuilles rondes,campanula-rotundifolia
taubenloch-2,2020-08-22,geranium robertianum,géranium herbe à robert,geranium-robertianum
taubenloch-2,2020-08-22,campanula rapunculoides,campanule stolonifère,campanula-rapunculoides
taubenloch-2,2020-08-22,salvia glutinosa,sauge glutineuse,salvia-glutinosa
taubenloch-2,2020-08-22,galeopsis tetrahit,"ortie royale, galéopsis tétrahit",galeopsis-tetrahit
taubenloch-2,2020-08-22,campanula rhomboidalis,campanule à feuilles rhomboïdales,campanula-rhomboidalis
taubenloch-2,2020-08-22,lactuca muralis,laitue des murs,lactuca-muralis
taubenloch-2,2020-08-22,geranium robertianum,géranium herbe à robert,geranium-robertianum
taubenloch-2,2020-08-22,geranium robertianum,géranium herbe à robert,geranium-robertianum
transjurane-tunnel,2020-09-22,rubus caesius,ronce bleuâtre,rubus-caesius
transjurane-tunnel,2020-09-22,hylotelephium telephium,orpin reprise,hylotelephium-telephium
truite-1,2020-08-08,artemisia vulgaris,armoise commune,artemisia-vulgaris
truite-1,2020-08-08,carduus personata,cardus personata,carduus-personata
truite-1,2020-08-08,chaenorhinum minus,chénorhinum mineur (groupe),chaenorhinum-minus
truite-1,2020-08-08,cirsium arvense,cirse des champs,cirsium-arvense
truite-1,2020-08-08,daucus carota,carotte sauvage,daucus-carota
truite-1,2020-08-08,dipsacus pilosus,cardère poilue,dipsacus-pilosus
truite-1,2020-08-08,epilobium hirsutum,epilobe velu,epilobium-hirsutum
truite-1,2020-08-08,eupatorium cannabinum,eupatoire chanvrine,eupatorium-cannabinum
truite-1,2020-08-08,galeopsis tetrahit,"ortie royale, galéopsis tétrahit",galeopsis-tetrahit
truite-1,2020-08-08,galium mollugo,"gaillet commun, gaillet blanc",galium-mollugo
truite-1,2020-08-08,geranium pyrenaicum,géranium des pyrénées,geranium-pyrenaicum
truite-1,2020-08-08,geranium robertianum,géranium herbe à robert,geranium-robertianum
truite-1,2020-08-08,knautia arvensis,knautie des champs,knautia-arvensis
truite-1,2020-08-08,lactuca serriola,,lactuca-serriola
truite-1,2020-08-08,lapsana communis,lapsane commune,lapsana-communis
truite-1,2020-08-08,leontodon hispidus,liondent hispide,leontodon-hispidus
truite-1,2020-08-08,pastinaca sativa,panais cultivé,pastinaca-sativa
truite-1,2020-08-08,persicaria maculosa,renouée persicaire,persicaria-maculosa
truite-1,2020-08-08,silene vulgaris,silène enflé,silene-vulgaris
truite-1,2020-08-08,solanum dulcamara,morelle douce-amère,solanum-dulcamara
truite-1,2020-08-08,urtica dioica,ortie dioïque,urtica-dioica
truite-1,2020-08-08,veronica persica,véronique des jardins,veronica-persica
truite-2,2020-08-22,petasites hybridus,pétasite hybride,petasites-hybridus
truite-2,2020-08-22,clematis vitalba,clématite blanche,clematis-vitalba
truite-2,2020-08-22,solanum dulcamara,morelle douce-amère,solanum-dulcamara
truite-2,2020-08-22,rumex obtusifolius,"patience sauvage, rumex à feuilles obtuses",rumex-obtusifolius
truite-2,2020-08-22,epilobium hirsutum,epilobe velu,epilobium-hirsutum
truite-2,2020-08-22,polygonum aviculare,renouée des oiseaux,polygonum-aviculare
truite-2,2020-08-22,rorippa islandica,cresson des marais,rorippa-islandica
truite-2,2020-08-22,tussilago farfara,"pas d'âne, tussilage",tussilago-farfara
truite-2,2020-08-22,urtica dioica,ortie dioïque,urtica-dioica
truite-2,2020-08-22,mentha spicata,menthe en grappe,mentha-spicata
truite-2,2020-08-22,persicaria lapathifolia,"renouée à feuilles d'oseille, renouée à feuilles de patience",persicaria-lapathifolia
truite-2,2020-08-22,lathyrus latifolius,gesse à larges feuilles,lathyrus-latifolius
truite-3,2020-08-06,urtica dioica,ortie dioïque,urtica-dioica
truite-3,2020-08-06,salix purpurea,"osier rouge, saule pourpre",salix-purpurea
truite-3,2020-08-06,rosa spinosissima,rosier très épineux,rosa-spinosissima
truite-3,2020-08-06,sambucus nigra,"grand sureau, sureau noir",sambucus-nigra
truite-3,2020-08-06,daucus carota,carotte sauvage,daucus-carota
truite-3,2020-08-06,trifolium pratense,trèfle des prés,trifolium-pratense
truite-3,2020-08-06,silene vulgaris,silène enflé,silene-vulgaris
truite-3,2020-08-06,centaurea scabiosa,centaurée scabieuse,centaurea-scabiosa
truite-3,2020-08-06,lotus corniculatus,lotier corniculé,lotus-corniculatus
truite-3,2020-08-06,chenopodium album,chénopode blanc,chenopodium-album
truite-3,2020-08-06,leucanthemum vulgare,marguerite précoce,leucanthemum-vulgare
truite-3,2020-08-06,centaurea jacea,centaurée jacée,centaurea-jacea
truite-3,2020-08-06,cirsium arvense,cirse des champs,cirsium-arvense
truite-3,2020-08-06,galium mollugo,"gaillet commun, gaillet blanc",galium-mollugo
truite-4,2020-08-03,centaurea jacea,centaurée jacée,centaurea-jacea
truite-4,2020-08-03,salvia pratensis,sauge des prés,salvia-pratensis
truite-4,2020-08-03,cichorium intybus,chicorée sauvage,cichorium-intybus
truite-4,2020-08-06,hypericum perforatum,millepertuis perforé,hypericum-perforatum
truite-4,2020-08-06,silene latifolia,compagnon blanc,silene-latifolia
truite-4,2020-08-06,knautia arvensis,knautie des champs,knautia-arvensis
truite-4,2020-08-06,cirsium arvense,cirse des champs,cirsium-arvense
truite-4,2020-08-06,rumex obtusifolius,"patience sauvage, rumex à feuilles obtuses",rumex-obtusifolius
truite-4,2020-08-06,clinopodium vulgare,sarriette clinopode,clinopodium-vulgare
truite-4,2020-08-06,echium vulgare,,echium-vulgare
truite-5,2020-08-29,trifolium repens,trèfle rampant,trifolium-repens
truite-5,2020-08-29,lotus corniculatus,lotier corniculé,lotus-corniculatus
truite-5,2020-08-29,clematis vitalba,clématite blanche,clematis-vitalba
truite-5,2020-08-29,lamium maculatum,lamier tacheté,lamium-maculatum
truite-5,2020-08-29,verbena officinalis,verveine officinale,verbena-officinalis
truite-5,2020-08-29,trifolium pratense,trèfle des prés,trifolium-pratense
truite-5,2020-08-29,jacobaea vulgaris,"séneçon jacobée, herbe de st-jacques",jacobaea-vulgaris
truite-5,2020-08-29,galium mollugo,"gaillet commun, gaillet blanc",galium-mollugo
truite-5,2020-08-29,ranunculus acris,"bouton d'or, renoncule âcre",ranunculus-acris
truite-5,2020-08-29,silene vulgaris,silène enflé,silene-vulgaris
truite-5,2020-08-29,linaria vulgaris,linaire commune,linaria-vulgaris
truite-5,2020-08-29,potentilla reptans,quintefeuille,potentilla-reptans
truite-5,2020-08-29,rapistrum rugosum,,rapistrum-rugosum
truite-5,2020-08-29,malva moschata,mauve musquée,malva-moschata
truite-5,2020-08-29,daucus carota,carotte sauvage,daucus-carota
truite-5,2020-08-29,medicago sativa,,medicago-sativa
truite-5,2020-08-29,reseda lutea,réséda jaune,reseda-lutea
twann-estuary,2020-08-25,angelica sylvestris,angélique sauvage,angelica-sylvestris
twann-estuary,2020-08-25,calystegia sepium,liseron des haies,calystegia-sepium
twann-estuary,2020-08-25,cornus sanguinea,cornouiller sanguin,cornus-sanguinea
twann-estuary,2020-08-25,cymbalaria muralis,"ruine de rome, cymbalaire",cymbalaria-muralis
twann-estuary,2020-08-25,daucus carota,carotte sauvage,daucus-carota
twann-estuary,2020-08-25,epilobium hirsutum,epilobe velu,epilobium-hirsutum
twann-estuary,2020-08-25,galium mollugo,"gaillet commun, gaillet blanc",galium-mollugo
twann-estuary,2020-08-25,geranium rotundifolium,géranium à feuilles rondes,geranium-rotundifolium
twann-estuary,2020-08-25,heracleum sphondylium,"patte d'ours, berce des prés",heracleum-sphondylium
twann-estuary,2020-08-25,lactuca serriola,laitue serriole,lactuca-serriola
twann-estuary,2020-08-25,lathyrus latifolius,gesse à larges feuilles,lathyrus-latifolius
twann-estuary,2020-08-25,lycopus europaeus,"lycope d'europe, pied de loup",lycopus-europaeus
twann-estuary,2020-08-25,rubus caesius,ronce bleuâtre,rubus-caesius
twann-estuary,2020-08-25,silene vulgaris,silène enflé,silene-vulgaris
twann-estuary,2020-08-25,trifolium pratense,trèfle des prés,trifolium-pratense
twann-estuary,2020-08-25,urtica dioica,ortie dioïque,urtica-dioica
twann-estuary,2020-08-25,verbascum densiflorum,"bonhomme, molène à fleurs denses",verbascum-densiflorum
twann-estuary,2020-08-25,vicia cracca,vesce cracca,vicia-cracca
twann-gorges,2020-08-05,pseudofumaria lutea,corydale jaune,pseudofumaria-lutea
weissenau,2020-08-10,hippocrepis emerus,"hippocrépide buissonnante, coronille émérus",hippocrepis-emerus
weissenau,2020-08-10,lactuca muralis,laitue des murs,lactuca-muralis
weissenau,2020-08-10,calystegia sepium,liseron des haies,calystegia-sepium
weissenau,2020-08-10,viburnum opulus,"boule de neige, viorne obier",viburnum-opulus
weissenau,2020-08-10,mentha aquatica,menthe aquatique,mentha-aquatica
weissenau,2020-08-10,allium carinatum,ail caréné,allium-carinatum
weissenau,2020-08-10,viburnum lantana,"mancienne, viorne lantane",viburnum-lantana
weissenau,2020-08-10,filipendula ulmaria,"reine des prés, spirée",filipendula-ulmaria
weissenau,2020-08-10,lythrum salicaria,salicaire commune,lythrum-salicaria
weissenau,2020-08-10,lysimachia vulgaris,lysimaque commune,lysimachia-vulgaris
