id,Observation,Place,date,time,scientific name,name,latitude,longitude,altitude,accuracy,notes,Treated,Previous,size
19367b92-8ac1-516a-ac61-e6921664df3f,Epilobium 6,Sundbach beach,2020-08-26,13:31:55,Epilobium parviflorum,Epilobe à petites fleurs,46.6841,7.79455,607,172.72700500488,,,,
704e1aa0-cb2d-5213-8e60-3b9a627b26c4,Epilobium 5,Sundbach beach,2020-08-26,13:30:04,Epilobium angustifolium,Epilobe à feuilles étroites,46.68419,7.79458,,110,FI GPS measurement was across the lake,,,
3dfe6ac1-80f5-536a-9a64-d7c0d569aea4,Epilobium 7,Sundbach beach,2020-08-26,13:25:26,Epilobium fleischeri,"Epilobe des alluvions, Epilobe de Fleischer",46.68418,7.79455,,2000,,,,
790c058a-c8e2-5c78-8641-8fc21b8eaef6,Silene A,Sundbach beach,2020-08-26,13:23:41,Silene vulgaris,Silène enflé,46.68441,7.79475,,1899.9990234375,,,,
3dfe6ac1-80f5-536a-9a64-d7c0d569aea4,Origanam A,Sundbach beach,2020-08-26,10:58:52,Origanum vulgare agg.,"Origan, Marjolaine",46.68427,7.79438,,2000,,,,
e5ce8105-8660-52ba-b49a-e046cb4de8f7,Senecio A,Sundbach beach,2020-08-26,10:54:57,Senecio inaequidens,Séneçon sud-africain,46.68424,7.79516,,2000,,,,
e4db68c2-dc21-5c0d-aa9a-a0266b47b969,Hypochaeris A,Sundbach beach,2020-08-26,10:52:30,Hypochaeris radicata,"Porcelle enracinée, Porcelle des prés",46.68409,7.79509,,2200,,,,
f23aef33-a163-5b8f-a15a-f150b94fccdf,Erigeron A,Sundbach beach,2020-08-26,10:46:03,Erigeron annuus,Vergerette annuelle,46.68419,7.7952,634,320.49398803711,,,,
f23aef33-a163-5b8f-a15a-f150b94fccdf,Trifolium 2,Sundbach beach,2020-08-26,10:44:07,Trifolium medium,Trèfle intermédiaire,46.68423,7.79523,634,146.19299316406,,,,
c2bc0edc-8834-5590-8070-2cb4ed622535,Rubus A,Sundbach beach,2020-08-26,10:42:34,Rubus caesius,Ronce bleuâtre,46.68431,7.79523,616,2601.2380371094,,,,
dcd42d05-b0e3-5da9-880d-3ac450f118f8,Cornus A,Sundbach beach,2020-08-26,10:41:29,Cornus sanguinea,Cornouiller sanguin,46.6843,7.79515,602,2493.3200683594,,,,
c5c8c1cb-3162-53d1-8e70-003411c3fff5,Buddleja A,Sundbach beach,2020-08-26,10:40:30,Buddleja davidii,Buddléia de David,46.68437,7.79467,610,3989.3059082031,,,,
d330a115-71a9-5152-99d4-614cd5d40940,Hippocrepis 1,Sundbach beach,2020-08-26,10:35:15,Hippocrepis emerus,"Hippocrépide buissonnante, Coronille émérus",46.68415,7.79513,618,816.458984375,,,,
57efe062-06ce-57b4-8984-07a9df7eab02,Erigeron B,Sundbach beach,2020-08-26,10:34:33,Erigeron canadensis,Vergerette du Canada,46.68421,7.79449,,2400,,,,
57efe062-06ce-57b4-8984-07a9df7eab02,Cotoneaster 1,Sundbach beach,2020-08-26,10:29:53,Cotoneaster horizontalis,Cotonéaster horizontal,46.68423,7.79529,,2400,,,,
57efe062-06ce-57b4-8984-07a9df7eab02,Eupatorium A,Sundbach beach,2020-08-26,10:29:12,Eupatorium cannabinum,Eupatoire chanvrine,46.6843,7.79519,,2400,,,,
a5aea9bd-e87a-53af-a4a4-d0a7ddbfcd82,Oxalis 1,Sundbach beach,2020-08-26,10:20:38,Oxalis dillenii,Oxalis de Dillenius,46.6841,7.79511,,,,,,
eeb6ba94-b056-5e4b-8ee4-8ac9a433fdc2,Rubus 4,Twann estuary,2020-08-25,10:56:46,Rubus Rubus sect.,,47.09171,7.15392,,1700,,,,
d0a6075e-b3fb-59a2-aaf6-d3843f5279ea,Geranium 8,Twann estuary,2020-08-25,10:54:12,Geranium rotundifolium,Géranium à feuilles rondes,47.09171,7.15392,487.5,69.304000854492,,,,
413f2674-f09b-5f14-b6c3-efb7e23a4eaa,Verbascum A,Twann estuary,2020-08-25,10:53:19,Verbascum densiflorum,"bonhomme, Molène à fleurs denses",47.09171,7.15392,487.5,28.608999252319,,,,
bc131f5a-338b-513e-81cb-e905a5839e23,Heracleum 1,Twann estuary,2020-08-25,10:51:11,Heracleum sphondylium,"Patte d'ours, Berce des prés",47.09171,7.15392,488.60000610352,82.5,,,,
ba98c7f6-3d05-565b-8983-5dba74f17e95,Lactuca 4,Twann estuary,2020-08-25,10:47:42,Lactuca serriola,Laitue serriole,47.09171,7.15392,,92.900001525879,,,,
2f2a8712-2b2e-52ed-972a-909e25cd7375,Rubus B,Twann estuary,2020-08-25,10:46:27,Rubus caesius,Ronce bleuâtre,47.09171,7.15392,488.60000610352,77.599998474121,,,,
eeb6ba94-b056-5e4b-8ee4-8ac9a433fdc2,Angelica A,Twann estuary,2020-08-25,10:40:09,Angelica sylvestris,Angélique sauvage,47.09171,7.15392,477,855,,,,
eeb6ba94-b056-5e4b-8ee4-8ac9a433fdc2,Urtica A,Twann estuary,2020-08-25,10:39:35,Urtica dioica,Ortie dioïque,47.09171,7.15392,,1700,,,,
4d9cd8b2-2d4c-58ef-ab8f-df22f3abbf12,Vicia A,Twann estuary,2020-08-25,10:22:36,Vicia cracca agg.,Vesce cracca,47.09171,7.15392,,104.09999847412,,,,
0e878b2b-a583-5bb3-ae27-5840386c7a62,Trifolium A,Twann estuary,2020-08-25,10:21:29,Trifolium pratense,Trèfle des prés,47.09171,7.15392,,98.400001525879,,,,
877624c4-fae3-591e-94e4-bfb2346b890f,Galium A,Twann estuary,2020-08-25,10:16:58,Galium mollugo agg.,"Gaillet commun, Gaillet blanc",47.09171,7.15392,488.60000610352,26.143999099731,,,,
ad88344f-8d72-5cde-8169-62cb64cadc10,Erigeron C,Twann estuary,2020-08-25,10:07:56,Erigeron annuus,Vergerette annuelle,47.09171,7.15392,487.5,25.533000946045,,,,
eeb6ba94-b056-5e4b-8ee4-8ac9a433fdc2,Lathyrus A,Twann estuary,2020-08-25,10:00:42,Lathyrus latifolius,Gesse à larges feuilles,47.09171,7.15392,,1700,,,,
eeb6ba94-b056-5e4b-8ee4-8ac9a433fdc2,Cymbalaria 1,Twann estuary,2020-08-25,09:55:17,Cymbalaria muralis,"Ruine de Rome, Cymbalaire",47.09171,7.15392,480,1700,,,,
eeb6ba94-b056-5e4b-8ee4-8ac9a433fdc2,Silene B,Twann estuary,2020-08-25,09:54:39,Silene vulgaris,Silène enflé,47.09171,7.15392,464,858,,,,
b7f74ba0-859c-509d-a2e0-970abdfebec1,Epilobium A,Twann estuary,2020-08-25,09:54:05,Epilobium hirsutum,Epilobe velu,47.09171,7.15392,479,127.89600372314,,,,
69e71bfd-ef3c-506f-8682-c80d393b6fbf,Daucus A,Twann estuary,2020-08-25,09:52:50,Daucus carota,Carotte sauvage,47.09171,7.15392,,98.400001525879,,,,
b0ca5ea3-0613-535c-b577-b3bd77f3044b,Hieracium 1,Twann estuary,2020-08-25,09:45:15,Hieracium morulum,,47.09171,7.15392,,1799.9990234375,could be murorum,,,
b0ca5ea3-0613-535c-b577-b3bd77f3044b,Cornus B,Twann estuary,2020-08-25,09:43:41,Cornus sanguinea,Cornouiller sanguin,47.09171,7.15392,,1799.9990234375,,,,
b0ca5ea3-0613-535c-b577-b3bd77f3044b,Lycopus 1,Twann estuary,2020-08-25,09:38:15,Lycopus europaeus,"Lycope d'Europe, Pied de loup",47.09171,7.15392,,1799.9990234375,,,,
bd300057-b642-586e-844f-5cb24f4bc7a6,Calystegia A,Twann estuary,2020-08-25,09:36:51,Calystegia sepium agg.,Liseron des haies,47.09171,7.15392,468,83.587997436523,,,,
3002978d-5c17-5d2e-bdd8-3f7f75e75e23,,Suze Engel 1,2020-08-24,18:31:47,Verbena officinalis,Verveine officinale,47.09171,7.15392,488.5,39.395000457764,,,,
495c0107-141b-56f9-808b-5b369b81b866,Plantago 1,Suze Engel 1,2020-08-24,18:27:01,Plantago media agg.,Plantain moyen,47.09171,7.15392,488,25.572999954224,,,,
d13ea44a-444f-5e74-9779-415a46cd9d1f,Achillea A,Suze Engel 1,2020-08-24,18:26:38,Achillea millefolium agg.,Achillée millefeuille,47.09171,7.15392,493.10000610352,28.048000335693,,,,
5ff4e38e-7de0-5679-b1f9-4b17c84921da,Cirsium 6,Suze Engel 1,2020-08-24,18:25:56,Cirsium arvense,Cirse des champs,47.09171,7.15392,489.30001831055,27.694000244141,,,,
8f202ab8-27b8-5d7a-bd68-09c9c7c5b0d2,Solanum 4,Suze Engel 1,2020-08-24,18:24:47,Solanum dulcamara,Morelle douce-amère,47.09171,7.15392,488.39999389648,30.667999267578,,,,
a5aea9bd-e87a-53af-a4a4-d0a7ddbfcd82,Silene C,Suze Engel 1,2020-08-24,18:22:20,Silene vulgaris,Silène enflé,47.09171,7.15392,,,,,,
43e8c8ef-795f-5f6e-8948-367e8da6f66d,Trifolium B,Suze Engel 1,2020-08-24,18:20:53,Trifolium pratense,Trèfle des prés,47.09171,7.15392,489.30001831055,53.395000457764,,,,
163dde75-1cc6-5b24-8d37-229e5f89070c,Vicia 1,Suze Engel 1,2020-08-24,18:20:05,Vicia cracca agg.,Vesce cracca,47.09171,7.15392,488.5,64.900001525879,,,,
0f2d149a-4aec-559b-940c-8316cdb2a8ac,Rumex A,Suze Engel 1,2020-08-24,18:17:58,Rumex obtusifolius,"Patience sauvage, Rumex à feuilles obtuses",47.09171,7.15392,488.5,29.27499961853,,,,
c9bf9d1b-79de-52f5-b72d-94316662b4d6,Erigeron 5,Suze Engel 1,2020-08-24,18:17:04,Erigeron annuus,Vergerette annuelle,47.09171,7.15392,489.30001831055,17.690000534058,,,,
22e015a4-4a25-545e-8adc-d0991470726b,Solidalgo 3,Suze Engel 1,2020-08-24,18:16:45,Solidago canadensis,Solidage du Canada,47.09171,7.15392,488.5,16.388000488281,,,,
f6452ddc-f547-5824-8eaf-a6e44f74c89f,Daucus B,Suze Engel 1,2020-08-24,18:15:58,Daucus carota,Carotte sauvage,47.09171,7.15392,488.5,36.926998138428,,,,
4904ffd7-1434-5d6b-bd34-d245a27bcea8,Lotus A,Suze Engel 1,2020-08-24,18:15:24,Lotus corniculatus agg.,Lotier corniculé,47.09171,7.15392,488.5,56.111999511719,,,,
4904ffd7-1434-5d6b-bd34-d245a27bcea8,Galium 3,Suze Engel 1,2020-08-24,18:14:33,Galium mollugo agg.,"Gaillet commun, Gaillet blanc",47.09171,7.15392,488.5,56.111999511719,,,,
a5aea9bd-e87a-53af-a4a4-d0a7ddbfcd82,Malva 4,Suze Engel 1,2020-08-24,18:13:03,Malva moschata,Mauve musquée,47.09171,7.15392,,,,,,
2dfb41c4-da45-5777-a7d6-6e3561016b52,Buddleja B,Suze Path 1,2020-08-23,18:31:30,Buddleja davidii,Buddléia de David,47.1424,7.25977,,92.900001525879,,,,
eb58ec2c-3ebd-50eb-b584-25b126c0b988,Solanum A,Suze Path 1,2020-08-23,18:28:37,Solanum nigrum,Morelle noire,47.1424,7.25977,489.89999389648,68.400001525879,,,,
78e7d9e6-754d-599e-94ab-ba89034f5d12,Achillea B,Suze Path 1,2020-08-23,18:27:27,Achillea millefolium agg.,Achillée millefeuille,47.1424,7.25977,,1299.9990234375,,,,
78e7d9e6-754d-599e-94ab-ba89034f5d12,Daucus C,Suze Path 1,2020-08-23,18:26:38,Daucus carota,Carotte sauvage,47.1424,7.25977,,1299.9990234375,,,,
78d37cde-12dc-5f77-9a38-695eb016a827,Stachys A,Suze Path 1,2020-08-23,18:22:52,Stachys recta agg.,Epiaire droite,47.1424,7.25977,489.70001220703,29.663999557495,,,,
e892a7bb-bd0b-5229-846b-e032045ec766,,Suze Path 1,2020-08-23,18:21:37,Centaurea scabiosa,Centaurée scabieuse,47.1424,7.25977,489.70001220703,74.06600189209,,,,
eb797540-6eb4-5462-9b90-bbbe5ce92ccb,,Suze Path 1,2020-08-23,18:20:53,Lotus corniculatus agg.,Lotier corniculé,47.1424,7.25977,489.70001220703,56.099998474121,,,,
f2e7be19-6008-5a7f-b36c-c4dee0b72ea4,,Suze Path 1,2020-08-23,18:15:33,Hypericum perforatum,Millepertuis perforé,47.1424,7.25977,489.70001220703,60,,,,
78e7d9e6-754d-599e-94ab-ba89034f5d12,,Suze Path 1,2020-08-23,18:13:40,,,47.1424,7.25977,,1299.9990234375,,,,
fd59255a-c42d-5d99-8d2c-a3250904262f,,Suze Path 1,2020-08-23,18:07:11,Centaurea jacea agg.,Centaurée jacée,47.1424,7.25977,489.70001220703,92.900001525879,,,,
057b0954-3e87-58c5-a7c5-73f82d5bf9f4,,Suze Path 1,2020-08-23,18:06:20,Centaurea jacea agg.,Centaurée jacée,47.1424,7.25977,489.70001220703,82.5,,,,
ccfe0ea3-4500-5373-aed3-c21097fb9461,,Suze Path 1,2020-08-23,18:05:23,Trifolium pratense,Trèfle des prés,47.1424,7.25977,489.70001220703,104.09999847412,,,,
86815b53-dca5-57ad-bd4b-fdba3db57aa3,,Suze Path 1,2020-08-23,18:04:12,Melilotus albus,Mélilot blanc,47.1424,7.25977,489.70001220703,82.5,,,,
2e4a8da0-d30e-5c3f-8281-a1f1ad1be24d,,Suze Path 1,2020-08-23,18:03:33,Erigeron canadensis,Vergerette du Canada,47.1424,7.25977,,1399.9990234375,,,,
3f1f8c12-b383-5ce7-8794-3d8422c0de73,,Taubenloch 1,2020-08-22,17:04:36,Campanula trachelium,Campanule gantelée,47.15644,7.26493,,98.400001525879,,,,
b6b80545-ed1f-5e7d-b9bb-58d8f83666bf,,Taubenloch 1,2020-08-22,17:01:47,Solanum dulcamara,Morelle douce-amère,47.15644,7.26493,505.80001831055,30.877000808716,,,,
51a5452f-4563-5d94-91d0-e3268d5578b5,,Taubenloch 1,2020-08-22,16:47:42,Galeopsis tetrahit agg.,"Ortie royale, Galéopsis tétrahit",47.15644,7.26493,,1000,not aure this is correct,,,
bd0a5db7-ea2b-5652-bd80-5fe8c832982b,,Taubenloch 1,2020-08-22,16:46:20,Salvia glutinosa,Sauge glutineuse,47.15644,7.26493,,1399.9990234375,,,,
fd19c432-79fc-59ad-b2d2-55d2f3842e60,,Taubenloch 1,2020-08-22,16:38:38,Campanula rotundifolia agg.,Campanule à feuilles rondes,47.15644,7.26493,,800,,,,
bd0a5db7-ea2b-5652-bd80-5fe8c832982b,,Taubenloch 1,2020-08-22,16:38:01,Geranium robertianum agg.,Géranium herbe à Robert,47.15644,7.26493,,1399.9990234375,is it? white?,,,
2b4827d9-f62e-528c-8e89-0fd8ccf018ff,,Taubenloch 1,2020-08-22,16:35:51,Campanula rapunculoides,Campanule stolonifère,47.15644,7.26493,,1399.9990234375,,,,
51a5452f-4563-5d94-91d0-e3268d5578b5,,Taubenloch 1,2020-08-22,16:33:50,Salvia glutinosa,Sauge glutineuse,47.15644,7.26493,,1000,,,,
51a5452f-4563-5d94-91d0-e3268d5578b5,,Taubenloch 1,2020-08-22,16:29:43,Galeopsis tetrahit agg.,"Ortie royale, Galéopsis tétrahit",47.15644,7.26493,,1000,,,,
2b4827d9-f62e-528c-8e89-0fd8ccf018ff,,Taubenloch 1,2020-08-22,16:22:18,Campanula rhomboidalis,Campanule à feuilles rhomboïdales,47.15644,7.26493,,1399.9990234375,,,,
75a77de0-04a3-5779-a57d-ccf03b71eaae,,Taubenloch 1,2020-08-22,16:21:31,Mycelis muralis,Laitue des murs,47.15644,7.26493,,899.9990234375,,,,
bd0a5db7-ea2b-5652-bd80-5fe8c832982b,,Taubenloch 1,2020-08-22,16:20:09,Geranium robertianum agg.,Géranium herbe à Robert,47.15644,7.26493,,1399.9990234375,,,,
bf520b30-8664-5356-8ab7-6dea127cab92,,Taubenloch 1,2020-08-22,16:14:40,Geranium robertianum agg.,Géranium herbe à Robert,47.15644,7.26493,505.80001831055,87.599998474121,,,,
747e9afc-f81f-58b0-8236-35d878d4a3bf,,Suze Truite 2,2020-08-22,06:58:44,Petasites hybridus,Pétasite hybride,47.1466091,7.2689481,489.70001220703,84.65599822998,,,,
d89ae2f1-df4a-5306-bf72-1501444cae7d,,Suze Truite 2,2020-08-22,06:57:49,Clematis vitalba,Clématite blanche,47.1462939,7.2679931,,92.783996582031,,,,
6e99182d-d2e8-5cf6-bc26-43e925eba033,,Suze Truite 2,2020-08-22,06:55:45,Salix nigra,,47.1467477,7.2695045,489.70001220703,82.599998474121,perhaps not,,,
5c82d870-f492-5c4f-812e-b2bcc9d268bd,,Suze Truite 2,2020-08-22,06:55:12,Solanum dulcamara,Morelle douce-amère,47.146751,7.2695093,489.70001220703,77.599998474121,,,,
078b3ff3-2637-5c0e-95d0-8fb51e23b484,,Suze Truite 2,2020-08-22,06:53:26,Rumex obtusifolius,"Patience sauvage, Rumex à feuilles obtuses",47.1468727,7.2690382,489.70001220703,37.533000946045,,,,
fed5ac1e-92b1-59b5-8a17-36d5d1ae8ea6,,Suze Truite 2,2020-08-22,06:52:38,Epilobium hirsutum,Epilobe velu,47.1467508,7.2695023,,122.40000152588,,,,
8406c24c-da88-5a47-bda0-0ca6e051eff0,,Suze Truite 2,2020-08-22,06:51:26,Polygonum aviculare agg.,Renouée des oiseaux,47.1465516,7.2692467,489.70001220703,87.599998474121,,,,
f5298e0b-88bb-54bf-9503-084b443bc220,,Suze Truite 2,2020-08-22,06:50:01,Rorippa islandica agg.,Cresson des marais,47.1461063,7.267827,,110,,,,
58b01976-d446-5743-94ec-bb24a2959b3c,,Suze Truite 2,2020-08-22,06:48:25,Tussilago farfara,"Pas d'âne, Tussilage",47.1468131,7.2689582,483,49.132999420166,,,,
dca545ff-c4a6-5d8e-9fb0-a6bab8ab8292,,Suze Truite 2,2020-08-22,06:47:48,Urtica dioica,Ortie dioïque,47.1459676,7.2684495,,113.05000305176,,,,
fc0ea5ae-f517-515b-8adc-68dcb7485206,,Suze Truite 2,2020-08-22,06:47:08,Mentha spicata agg.,Menthe en grappe,47.1457536,7.2671787,,110,,,,
a1c305c8-1ef1-58af-b237-77d789c99113,,Suze Truite 2,2020-08-22,06:40:05,Persicaria lapathifolia,"Renouée À Feuilles D'oseille, Renouée À Feuilles De Patience",47.1475082,7.2682552,,98.400001525879,maybe not,,,
a5aea9bd-e87a-53af-a4a4-d0a7ddbfcd82,,Suze Truite 2,2020-08-22,06:27:44,Lathyrus latifolius,Gesse à larges feuilles,,,,,,,,
ccb59cdb-f9c0-5326-bc62-071509395c9a,,Doub Falls,2020-08-20,11:53:16,Stellaria aquatica,Stellaire aquatique,47.3650194,7.1606258,,2099.9990234375,,,,
ccb59cdb-f9c0-5326-bc62-071509395c9a,,Doub Falls,2020-08-20,11:52:15,Impatiens glandulifera,Impatiente glanduleuse,47.3650194,7.1606258,,2099.9990234375,,,,
bc33137c-a0bc-5f74-aa6a-431034da6afd,,Suze Chatelet,2020-08-19,16:03:30,,,47.1497643,7.2708113,493.100006103516,16.0310001373291,,,,
ac8ec192-71e1-5588-a228-ee2016ea80db,,Suze Chatelet,2020-08-19,15:55:05,Galeopsis tetrahit agg.,"Ortie royale, Galéopsis tétrahit",47.1497016,7.2707051,493.10000610352,23.743999481201,,,,
64f5c8c8-059e-54bb-ab46-5f3cac0bd660,,Suze Chatelet,2020-08-19,15:52:00,Silene latifolia,Compagnon Blanc,47.149688,7.2706885,493.10000610352,24.743999481201,maybe grande silene,,,
d4cc401b-30d8-5aec-b1df-41475c3bb154,,Suze Chatelet,2020-08-19,15:50:20,Polygonum aviculare agg.,Renouée des oiseaux,47.1497358,7.2708033,492.70001220703,17.141000747681,,,,
8625fa53-d974-5950-9323-03cc7c15a558,,Suze Chatelet,2020-08-19,15:49:38,Echium vulgare,Vipérine commune,47.149724,7.2707728,493.10000610352,17.434999465942,,,,
7bc7efd2-cb31-5244-b2cd-0215d9fb7b8a,,Suze Chatelet,2020-08-19,15:46:04,Chaenorhinum minus agg.,Chénorhinum Mineur (groupe),47.1496715,7.2705288,492.60000610352,34.187999725342,,,,
e34fec96-111b-5fd6-a6ae-7cec12b4b975,,Suze Chatelet,2020-08-19,15:39:29,Geranium pusillum,Géranium fluet,47.1497154,7.2707195,493.10000610352,20.295000076294,likely the case,,,
10fd4ca6-9bea-5f13-9da6-1f32c4b4df7c,,Suze Chatelet,2020-08-19,15:38:48,Acer pseudoplatanus,"Erable des montagnes, Erable sycomore",47.1497012,7.270762,493.10000610352,18.825000762939,,,,
caaff285-dbcb-5a71-a520-671cf3a7e403,,Suze Chatelet,2020-08-19,15:35:59,Dianthus armeria,Oeillet arméria,47.1497487,7.270987,497,10,,,,
db0d6b7d-a06b-5508-b5b7-bdcd1d2fd1b0,,Suze Path 2,2020-08-18,18:13:06,Prunella grandiflora,Brunelle à grandes fleurs,47.1421797,7.2594654,487.70001220703,59.425998687744,,,,
317ae542-9a75-59ef-bc42-bc1d95a1c67e,,Suze Path 2,2020-08-18,18:12:23,Eupatorium serotinum,,47.1424013,7.2591598,504.10000610352,26.033000946045,cannabinium,,,
a6b26e0f-3701-5a98-a711-5e9f31b36c38,,Suze Path 2,2020-08-18,18:08:34,Leucanthemum vulgare agg.,Marguerite précoce,47.1421736,7.2587514,458,28.464000701904,,,,
323b5cc8-7b2c-5c01-8998-cda8e6b48179,,Suze Path 2,2020-08-18,18:07:45,Lotus corniculatus agg.,Lotier corniculé,47.1421767,7.2597004,487.70001220703,67.330001831055,,,,
63555dcc-b111-5f38-8581-b27d02e9c3bb,,Suze Path 2,2020-08-18,18:07:06,Daucus carota,Carotte sauvage,47.1422281,7.2597857,487.70001220703,54.544998168945,,,,
bc9d3171-9cc9-5443-a6ec-d11424f1b6bd,,Suze Path 2,2020-08-18,18:06:20,Trifolium pratense,Trèfle des prés,47.143224,7.2601823,,116.09999847412,,,,
9c0f3334-fddb-5f1c-9aac-f2082ad7c931,,Suze Path 2,2020-08-18,18:05:47,Silene vulgaris,Silène enflé,47.1420795,7.2597053,490,48.900001525879,,,,
9c0f3334-fddb-5f1c-9aac-f2082ad7c931,,Suze Path 2,2020-08-18,18:05:02,Achillea millefolium agg.,Achillée millefeuille,47.1420795,7.2597053,490,48.900001525879,,,,
5f67a2a1-843c-543c-83dd-77f001e8662b,,Taubenloch 1,2020-08-18,10:15:23,Galeopsis tetrahit agg.,"Ortie royale, Galéopsis tétrahit",47.1547968,7.2660054,505.5,47.004001617432,,,,
9717b683-7622-51e8-8caf-8010724b3894,,Taubenloch 1,2020-08-18,10:04:33,Epilobium collinum,Epilobe des coteaux,47.1547858,7.2659972,505.60000610352,45.804000854492,,,,
e7f6b953-e535-569c-997b-932c3eb12106,,Taubenloch 1,2020-08-18,10:04:10,Geranium robertianum agg.,Géranium herbe à Robert,47.154848,7.2660634,,45.442001342773,,,,
bb99b519-b0c8-5d6d-9207-a07dd607d9ca,,Taubenloch 1,2020-08-18,09:59:44,Hylotelephium telephium agg.,Orpin Reprise,47.1545766,7.2657975,505.60000610352,47.235000610352,,,,
8221ad0d-a817-5ff6-a2c9-76db9b355049,,Taubenloch 1,2020-08-18,09:57:14,Mycelis muralis,Laitue des murs,47.1550219,7.266038,505.60000610352,45.599998474121,,,,
2f17cd65-0aa0-5201-857e-4eb0913a0425,,Taubenloch 1,2020-08-18,09:55:50,Lapsana communis,Lapsane commune,47.1548427,7.2661476,510.89999389648,44.636001586914,,,,
e05d182e-78cc-5e4d-998a-3585642290d9,,Taubenloch 1,2020-08-18,09:54:25,Galeopsis tetrahit agg.,"Ortie royale, Galéopsis tétrahit",47.154845,7.2661107,510.89999389648,36.61600112915,,,,
a5aea9bd-e87a-53af-a4a4-d0a7ddbfcd82,,Taubenloch 1,2020-08-18,09:50:42,Campanula trachelium,Campanule gantelée,,,,,,,,
65ffae66-71c4-5e7e-a7aa-a872ebfedb31,,Suze Path 3,2020-08-17,18:49:24,Galium mollugo agg.,"Gaillet commun, Gaillet blanc",47.1429185,7.2585165,486.60000610352,49.049999237061,,,,
0fe34819-97d9-53d0-9dc2-bb4807df5f03,,,2020-08-17,18:48:51,Erigeron canadensis,Vergerette du Canada,47.1423898,7.2584267,,120.76300048828,,,,
5a7526f5-9537-5b01-9595-cf2e3a6654a5,,,2020-08-17,18:45:50,Lotus corniculatus agg.,Lotier corniculé,47.141702,7.2571722,,116.09999847412,,,,
2a27613e-2542-5277-ab62-0c8ba3a31e4f,,,2020-08-17,18:44:40,Rumex obtusifolius,"Patience sauvage, Rumex à feuilles obtuses",47.1431976,7.2599241,,122.40000152588,,,,
8688e353-640f-520d-ac9b-332d77277f0a,,,2020-08-17,18:33:35,Trifolium pratense,Trèfle des prés,47.1402663,7.2655508,,1399.9990234375,,,,
682f962f-40c3-50ed-9848-1d0462803b2d,,,2020-08-17,18:30:49,Daucus carota,Carotte sauvage,47.1422409,7.2587077,,116.03800201416,,,,
345aaa82-23ad-52d2-9da5-8809e4a9e812,,,2020-08-17,18:28:58,Silene vulgaris,Silène enflé,47.143177,7.2597611,,48.346000671387,,,,
2588abf6-3012-54e6-98ad-169e32fdae4e,,,2020-08-17,18:27:04,Achillea millefolium agg.,Achillée millefeuille,47.1431852,7.2600428,513.69995117188,72.900001525879,,,,
46655baf-9a36-5714-9af7-e448622e3c10,,,2020-08-17,18:25:47,Melilotus albus,Mélilot blanc,47.1423819,7.2585255,,113.73899841309,,,,
be5f975f-72eb-5fdf-bf82-e84777ef6b23,,,2020-08-17,18:22:09,Stachys recta agg.,Epiaire droite,47.1431664,7.2598269,513.69995117188,41.602001190186,,,,
f1e3f992-6397-58cc-a179-34feabce14bd,,,2020-08-17,18:20:54,Centaurea scabiosa,Centaurée scabieuse,47.1423422,7.2589629,504.10000610352,49.215999603271,,,,
65a8cbc4-21fe-5245-9fdc-c68abf918bde,,,2020-08-17,18:20:14,Centaurea jacea agg.,Centaurée jacée,47.1434226,7.2601241,504.10000610352,65.431999206543,,,,
31f75026-ef5f-5f73-b4c0-39cf47f19dbd,,Suze Engel 2,2020-08-16,14:18:54,Galium mollugo agg.,"Gaillet commun, Gaillet blanc",47.1435679,7.2631393,488.60000610352,31.184999465942,,,,
3e323c95-c7a9-5e3f-bb3a-ee960415fe40,,Suze Engel 2,2020-08-16,14:18:31,Daucus carota,Carotte sauvage,47.1435654,7.2630286,488.70001220703,27.44700050354,,,,
40973b67-6d90-582b-8638-b8ce0a8d06cc,,Suze Engel 2,2020-08-16,14:11:28,Rumex obtusifolius,"Patience sauvage, Rumex à feuilles obtuses",47.1435462,7.2629196,488.60000610352,23.729000091553,,,,
670ad1b8-f9c5-54f3-b344-1d5153ed3da8,,Suze Engel 2,2020-08-16,14:07:52,Lotus corniculatus agg.,Lotier corniculé,47.1435625,7.2635197,488.60000610352,21.72500038147,,,,
917b1367-df8a-52df-8828-e15a9f149954,,Suze Engel 2,2020-08-16,14:04:03,Medicago varia,,47.143677,7.2636088,488.60000610352,33.478000640869,,,,
31e0120b-d8f8-5fea-b3ca-664fc6f22f9e,,Suze Engel 2,2020-08-16,14:03:22,Knautia arvensis agg.,Knautie des champs,47.1436587,7.263757,488.60000610352,32.583000183105,,,,
e59b66e5-02be-5b45-8c84-e75a108e0a73,,Suze Engel 2,2020-08-16,13:55:36,,,47.1435814,7.2629694,488.60000610352,20.77799987793,knauti,,,
a5aea9bd-e87a-53af-a4a4-d0a7ddbfcd82,,Suze Engel 2,2020-08-16,13:43:18,Acer pseudoplatanus,"Erable des montagnes, Erable sycomore",,,,,,,,
ca650453-fcb7-5a07-9d64-b4d12ca6a74b,,,2020-08-15,18:49:18,Solidago canadensis,Solidage du Canada,47.1370999,7.2525272,488,23.035999298096,,,,
47311778-9d01-59d2-8121-924ad8cb950a,,,2020-08-15,18:48:44,Mentha spicata agg.,Menthe en grappe,47.1369672,7.2524352,486,22.59700012207,,,,
0067034d-38a6-5334-af96-d76b074d20e5,,,2020-08-15,18:46:17,Artemisia vulgaris agg.,Armoise commune,47.1370197,7.2525139,486,25.673999786377,,,,
90635cad-1937-59f4-9d11-f664a17d5c3c,,,2020-08-15,18:45:44,Populus alba agg.,Peuplier blanc,47.1369816,7.2524765,485,27.113000869751,,,,
ab20b1c8-aca8-5545-8bd4-4410f2710f79,,,2020-08-15,18:42:33,Alnus glutinosa,"Aulne glutineux, Verne",47.1370741,7.2525528,495.70001220703,22.143999099731,,,,
7ec82eab-9082-5303-96b9-3a15dcd48b01,,,2020-08-15,18:33:50,,,47.1371629,7.2525419,487.89999389648,25.82799911499,salix of some sort,,,
bf403c0d-b801-53bb-a0f7-2103677ec142,,,2020-08-15,18:25:12,Salix purpurea,"Osier rouge, Saule pourpre",47.136954,7.2525002,495.70001220703,18.975999832153,,,,
7c63773c-94a9-5c0e-81f9-01957e50d961,,,2020-08-15,18:24:35,Sambucus nigra,"Grand sureau, Sureau noir",47.1369523,7.2524834,495.80001831055,18.808000564575,,,,
a5aea9bd-e87a-53af-a4a4-d0a7ddbfcd82,,,2020-08-15,18:23:38,Crataegus monogyna,"Aubépine à un style, Epine blanche",,,,,,,,
c95df2e0-4766-584e-96f7-e87bdd82f520,,,2020-08-14,17:49:59,Mentha spicata agg.,Menthe en grappe,47.142092,7.2574414,490.5,17.681999206543,,,,
34fbfd45-4e9f-57ac-83e3-bac6952633d9,,,2020-08-14,17:49:29,Erigeron annuus,Vergerette annuelle,47.1420945,7.2574368,490.5,18.684000015259,,,,
6306e938-6814-56c1-84c3-12f341161f5b,,,2020-08-14,17:46:04,,,47.1421055,7.2574355,490.5,20.086000442505,verbena of some sort,,,
3f3b29c1-8f48-58ef-878b-5314f17d5f45,,,2020-08-14,17:43:08,Hypericum perforatum,Millepertuis perforé,47.1420973,7.2574095,490.5,27.174999237061,,,,
db7fc334-7ab1-56e5-836c-2b24dcf7d9b6,,,2020-08-14,17:40:57,Mycelis muralis,Laitue des murs,47.1420649,7.2574087,490.5,20.742000579834,very likely this,,,
57c066ed-6831-5235-95b3-edf1dc81efa6,,,2020-08-14,17:37:40,Eupatorium cannabinum,Eupatoire chanvrine,47.142173,7.2574842,490.5,20.22500038147,,,,
11675ae8-219b-57ee-968c-373fc3dd8a0b,,,2020-08-14,17:25:37,,,47.1420204,7.2571767,487.30001831055,16.395000457764,unknown,,,
870854c2-7626-5291-b892-92b4cf46dfc2,,,2020-08-14,17:23:54,Rubus Rubus sect.,,47.1420528,7.2572743,488,21.061000823975,,,,
82247251-bae2-573c-9617-d142cadd151e,,,2020-08-14,17:23:18,Clematis vitalba,Clématite blanche,47.1420802,7.257386,487.30001831055,18.443000793457,dominates the river bank,,,
a5aea9bd-e87a-53af-a4a4-d0a7ddbfcd82,,,2020-08-14,17:22:17,Saponaria officinalis,Saponaire officinale,,,,,4 individuals,,,
b9e748de-89c1-53c9-a719-69c99b69c690,,,2020-08-13,18:22:52,Clinopodium vulgare,Sarriette clinopode,47.1459174,7.2670753,,92.900001525879,1 patch,,,
0fd28909-0b43-57f2-a628-1a893da29932,,,2020-08-13,18:18:04,Centaurea jacea agg.,Centaurée jacée,47.1461612,7.267495,489.5,26.892999649048,different species than previous,,,
1606662e-8e21-542d-b33b-d58a14e751d1,,,2020-08-13,18:17:19,Centaurea jacea agg.,Centaurée jacée,47.1463348,7.2677923,489.60000610352,25.690999984741,,,,
3638acb0-eba4-5c97-9cbc-730cf1b91063,,,2020-08-13,18:15:56,Scabiosa columbaria agg.,Scabieuse colombaire,47.1462758,7.267049,,56.493999481201,,,,
b01c401e-8317-5737-bb77-ea5949c79700,,,2020-08-13,18:14:52,Silene latifolia,Compagnon Blanc,47.1462949,7.2670712,490.20001220703,38.291000366211,3 individuals,,,
65eddced-8760-58e4-b14c-c2b72bbd2c15,,,2020-08-13,18:13:35,,,47.1460678,7.2668951,489.20001220703,58.676998138428,trifolium medium /hybride?,,,
4894f478-e132-5a62-a9ba-d0b81b2cfac3,,,2020-08-13,18:12:21,Trifolium repens,Trèfle rampant,47.1461903,7.2670295,489.20001220703,75.350997924805,2 patches,,,
08221d56-90cb-503b-8ca8-0f3c9db27aa1,,,2020-08-13,10:24:18,Epilobium roseum,Epilobe rosé,47.141995,7.2537359,486.5,25.268999099731,maybe the case,,,
993650c9-0e2e-5277-a3c2-9a7ce945b44c,,,2020-08-13,10:20:38,Epilobium parviflorum,Epilobe à petites fleurs,47.142224,7.2544507,486.20001220703,20.374000549316,,,,
f2d56356-241c-5f7b-bd0a-8d4c02f98279,,,2020-08-13,10:19:35,Veronica beccabunga,"Cresson de cheval, Véronique beccabunga",47.14223,7.2543379,486.30001831055,15.487999916077,"1 large patch, several small ones",,,
862e8232-9c14-55e3-9766-d1dddd991882,,,2020-08-13,10:16:44,Cyclamen hederifolium,Cyclamen de Naples,47.1419722,7.2552922,486,21.099000930786,,,,
d2287cf1-5b49-532b-8379-395e09445ff8,,,2020-08-13,09:59:23,Silene vulgaris,Silène enflé,47.1464248,7.2676154,489.60000610352,33.554000854492,3 patches,,,
10a03c65-85dd-5a8e-9c04-2f6919a1f196,,,2020-08-13,09:57:26,Silene latifolia,Compagnon Blanc,47.1458318,7.2671998,489.20001220703,34.539001464844,could be big silene,,,
1fb8559a-6924-5cc4-9816-a2f8f6982c54,,,2020-08-13,09:55:36,Epilobium hirsutum,Epilobe velu,47.1465402,7.2670028,489.39999389648,26.752000808716,,,,
bb0c08ca-5794-5a0f-863d-3bf5972946d2,,,2020-08-13,09:52:21,Crepis capillaris,Crépide capillaire,47.1462082,7.26673,482,20.959999084473,,,,
a2ba5850-3adc-5ee9-a670-52805d9ab3d5,,,2020-08-13,09:51:36,Melilotus albus,Mélilot blanc,47.1461795,7.2667513,482,29.847999572754,3 patches,,,
c8c1b2d1-3abc-5734-b705-316da86cfac0,,,2020-08-13,09:47:24,Erigeron annuus,Vergerette annuelle,47.1459132,7.2671218,489.20001220703,32.256000518799,3 individuals,,,
b73b2ffa-a850-5acc-a209-c6cc672dea0b,,,2020-08-13,09:32:02,Veronica persica,Véronique des jardins,47.1461738,7.2669776,,38.40599822998,,,,
84fe53af-9daa-5875-b025-682a5aeae2da,,,2020-08-13,09:26:29,Malva neglecta,Petite mauve,47.1459308,7.2673609,489.39999389648,35.752998352051,1 patch,,,
d7d82022-a4a9-5b8f-96b8-cfd42e7ec877,,,2020-08-13,09:25:10,Cirsium arvense,Cirse des champs,47.1458164,7.2674028,489.20001220703,20.180999755859,dozens of individuals,,,
a2e72c65-b5c2-5377-938e-cf6832261b64,,,2020-08-13,09:23:47,Calystegia sepium agg.,Liseron des haies,47.1461692,7.2669346,489.20001220703,36.931999206543,7 patches,,,
a2e72c65-b5c2-5377-938e-cf6832261b64,,,2020-08-13,09:23:11,Galium mollugo agg.,"Gaillet commun, Gaillet blanc",47.1461692,7.2669346,489.20001220703,36.931999206543,10 patches,,,
b94f3906-364a-5be3-80f7-b120ec287d56,,,2020-08-13,09:20:59,,,47.1460818,7.2671697,489.39999389648,39.84400177002,"brassica,  no leaves on the plant ",,,
11348105-aa37-5dec-8275-b83393162491,,,2020-08-13,09:20:00,Silene latifolia,Compagnon Blanc,47.1459933,7.2672432,489.5,30.712999343872,1 individual,,,
792bed64-85da-5af7-aeac-8bfa0053d206,,,2020-08-13,09:19:03,Lotus corniculatus agg.,Lotier corniculé,47.1458403,7.2673514,489.5,33.054000854492,about 10 patches,,,
cfe46871-b908-54f9-8094-942e72e03cc7,,,2020-08-13,09:18:31,Trifolium pratense,Trèfle des prés,47.1458054,7.2674354,489.5,37.796001434326,dozens of patches,,,
aa50bf5e-dba8-50e7-bed8-09dce3f614b1,,,2020-08-13,09:17:23,Medicago varia,,47.1458038,7.2673128,489.39999389648,20.08099937439,8 patches,,,
a5aea9bd-e87a-53af-a4a4-d0a7ddbfcd82,,,2020-08-13,09:16:39,,,,,,,,,,
fd667893-def3-504e-9d2c-8110e093a5e9,,,2020-08-12,09:10:18,,,47.1367301,7.2524282,484.399993896484,25.6070003509521,viburnum rhytidophyllum,,,
fd667893-def3-504e-9d2c-8110e093a5e9,,,2020-08-12,09:10:18,,,47.1367301,7.2524282,484.39999389648,25.607000350952,viburnum rhytidophyllum,,,
87c16313-36c8-58b8-9f70-2e7c27ad3c57,,,2020-08-11,18:45:26,Urtica dioica,Ortie dioïque,47.1315457,7.2496132,485.80001831055,16.738000869751,,,,
deab7ebf-69f0-53d5-b3a3-857c40d3d9d7,,,2020-08-11,18:44:33,Ligustrum sinense,Troène De Chine,47.1315525,7.249575,485.80001831055,15.666000366211,,,,
3e9fe5a1-75f8-5026-a865-354c2e84e285,,,2020-08-11,18:43:25,Symphoricarpos albus,Symphorine blanche,47.1314497,7.2495309,486.70001220703,16.548000335693,,,,
f499c480-1571-5a1e-83aa-defd19974640,,,2020-08-11,18:38:21,Acer pseudoplatanus,"Erable des montagnes, Erable sycomore",47.131637,7.2496896,486.70001220703,26.270999908447,,,,
258389db-f132-511f-ab63-70c254180588,,,2020-08-11,18:36:59,Corylus avellana,"Coudrier, Noisetier",47.1315108,7.2495508,486.70001220703,21.10000038147,,,,
325a1aae-23f2-51f0-ba67-98a7b0051605,,,2020-08-11,18:35:28,Acer pseudoplatanus,"Erable des montagnes, Erable sycomore",47.132188,7.2491472,,1653,1,,,
a5aea9bd-e87a-53af-a4a4-d0a7ddbfcd82,,,2020-08-11,18:34:24,Sambucus nigra,"Grand sureau, Sureau noir",,,,,1 indivirual,,,
2f025cd6-6b5f-552f-92d6-df2855b01828,,,2020-08-10,13:18:21,Chelidonium majus,"Chélidoine, Herbe aux verrues",46.7072517,7.6486539,,2099.9990234375,,,,
8dfb618c-76ae-5498-af3a-f776a0b13294,,,2020-08-10,11:49:30,Centranthus ruber,Centranthe rouge,46.6892887,7.6765795,666.19995117188,16.336000442505,bus stop plant,,,
16fd667b-7bf7-594f-a599-1300ebb8ca2a,,,2020-08-10,09:36:06,Hippocrepis emerus,"Hippocrépide buissonnante, Coronille émérus",46.6784874,7.8156885,,122.40000152588,,,,
d4f07471-6088-5381-82a6-982a2af25c64,,,2020-08-10,09:33:41,Mycelis muralis,Laitue des murs,46.6765115,7.8199194,,1299.9990234375,1,,,
36be9c31-89f6-5665-b7cd-40e1b49c2e32,,,2020-08-10,09:27:47,Calystegia sepium agg.,Liseron des haies,46.6764868,7.8202797,,1299.9990234375,,,,
36be9c31-89f6-5665-b7cd-40e1b49c2e32,,,2020-08-10,09:26:37,Viburnum opulus,"Boule de neige, Viorne obier",46.6764868,7.8202797,,1299.9990234375,,,,
0bb1f993-a364-5dcc-9b00-e9be3c0f08d2,,,2020-08-10,09:21:41,Mentha aquatica agg.,Menthe aquatique,46.6924154,7.7916211,,2200,,,,
72541ae3-aa72-58fa-9a9e-dd0aa0885a08,,,2020-08-10,09:19:21,Sorbus aria agg.,Alisier Blanc,46.6873531,7.7410859,,1899.9990234375,,,,
30ef8420-b9f7-50d3-9887-734d731a603b,,,2020-08-10,09:14:53,Allium carinatum,Ail caréné,46.6830082,7.8004177,,1799.9990234375,1 big patch,,,
30ef8420-b9f7-50d3-9887-734d731a603b,,,2020-08-10,09:09:48,Viburnum lantana,"Mancienne, Viorne lantane",46.6830082,7.8004177,,1799.9990234375,,,,
0bb1f993-a364-5dcc-9b00-e9be3c0f08d2,,,2020-08-10,09:07:35,Filipendula ulmaria,"Reine des prés, Spirée",46.6924154,7.7916211,,2200,3,,,
d4f07471-6088-5381-82a6-982a2af25c64,,,2020-08-10,09:05:26,Lythrum salicaria,Salicaire commune,46.6765115,7.8199194,,1299.9990234375,1,,,
d4f07471-6088-5381-82a6-982a2af25c64,,,2020-08-10,09:04:12,Lysimachia vulgaris,Lysimaque commune,46.6765115,7.8199194,,1299.9990234375,several individuals,,,
a2e5318e-561d-53e7-bea8-470f09366336,,,2020-08-09,18:26:55,Solanum ptychanthum,,47.1410687,7.2567299,491.30001831055,35.512001037598,,,,
2e343c35-0815-5b3f-862a-dcdbe8a95df2,,,2020-08-09,18:23:38,Chenopodium album agg.,Chénopode blanc,47.1408782,7.2565312,491.30001831055,29.773000717163,2 patches,,,
d7e8c57b-2a76-5dac-951f-e97deeecd52a,,,2020-08-09,18:23:09,Erigeron canadensis,Vergerette du Canada,47.1409519,7.2564955,491.30001831055,28.715000152588,4 individuals,,,
1973528b-5884-5da0-8a51-fea4b07d1c9e,,,2020-08-09,18:10:07,Ranunculus repens,Renoncule rampante,47.1408063,7.2565222,494.39999389648,20.909000396729,3 patches,,,
67a6310c-a420-5243-b7b3-8c938d4a2a57,,,2020-08-09,18:07:30,Geranium pyrenaicum,Géranium des Pyrénées,47.1408615,7.2564253,494.30001831055,24.208999633789,"4 patches, upper end of river",,,
b49fa108-8930-5f42-8e0d-346d6499ad51,,,2020-08-09,18:05:15,Rubus caesius,Ronce bleuâtre,47.1409498,7.2565116,486.80001831055,31.646999359131,2 patches,,,
fd164e31-7ddc-55f5-876f-e874d57089ec,,,2020-08-09,18:03:46,Filipendula ulmaria,"Reine des prés, Spirée",47.1411128,7.2567864,494.30001831055,29.771999359131,1 patch,,,
a1d0a927-00ef-5c5f-adde-0902a5b54c3e,,,2020-08-09,18:00:38,Erigeron annuus,Vergerette annuelle,47.1410687,7.2566082,494.30001831055,28.097999572754,"erigeron of some sort, leaves don't match annuus. one individual",,,
23355009-630c-5348-8847-a0d22c22d4c7,,,2020-08-09,17:59:34,Erigeron annuus,Vergerette annuelle,47.1410285,7.2566469,491.30001831055,30.722999572754,"many individuals on upper left bank, scattered throughout whole left bank",,,
ff568fd1-6473-5232-ab65-91b89863a330,,,2020-08-09,17:57:06,Achillea millefolium agg.,Achillée millefeuille,47.1411017,7.256586,487.80001831055,31.756999969482,1 patch,,,
fc4e28cd-6343-5b52-a627-43a41d7ddf6d,,,2020-08-09,17:55:02,Galium mollugo agg.,"Gaillet commun, Gaillet blanc",47.1411093,7.2565571,489.70001220703,22.882999420166,7 patches,,,
177da1a6-7e26-58d9-b23a-f1ac69caf51b,,,2020-08-09,17:52:27,Aethusa cynapium,"Petite ciguë, Ethuse ciguë",47.1410206,7.2565389,491.30001831055,26.298999786377,2 patches,,,
90c7d698-4c5d-5217-bd64-123eb88b5a92,,,2020-08-09,17:51:31,Carduus crispus,Chardon crépu,47.1408565,7.2564709,494.30001831055,28.27799987793,many indviduals aling whole left bank,,,
cbe5a782-cac4-5e0b-90fa-4d52a1d3ca31,,,2020-08-09,17:47:32,Rumex obtusifolius,"Patience sauvage, Rumex à feuilles obtuses",47.1410622,7.256503,494.30001831055,21.707000732422,6 patches,,,
59f9b8a4-4b22-5fb9-8732-56ebdb015b7a,Medicago 2,Suze Cygnes,2020-08-08,18:51:54,Medicago varia,,47.1379191,7.2530197,487.80001831055,20.840999603271,1 patch,y,,
fa00d06e-4be3-5652-a5d0-47aff962d0ce,Senecio 3,Suze Cygnes,2020-08-08,18:51:04,Senecio jacobaea,"Séneçon jacobée, Herbe de St-Jacques",47.137913,7.2530145,484.70001220703,18.506000518799,1 individual,y,,
bf26b88b-f384-58dd-b9ad-13a2a507c02a,Hypericum 3,Suze Cygnes,2020-08-08,18:49:36,Hypericum perforatum,Millepertuis perforé,47.1369262,7.253699,484.70001220703,41.24100112915,1 patch,y,,
63f584d8-32bb-56e4-bac4-5e041856fabf,Cirsium 4,Suze Cygnes,2020-08-08,18:48:45,Cirsium vulgare,Cirse commun,47.1369487,7.2536724,484.70001220703,32.842998504639,1 individual,y no extra pictures,,
77d0ca88-9e09-537f-a8c5-b4da0f199218,Solidalgo 2,Suze Cygnes,2020-08-08,18:47:33,Solidago canadensis,Solidage du Canada,47.1379039,7.2534906,484.80001831055,26.614999771118,4 patches,y,,
3727aea6-b1db-557d-9999-3fea37ca7538,Daucus 1,Suze Cygnes,2020-08-08,18:45:55,Daucus carota,Carotte sauvage,47.1377962,7.2530013,484.80001831055,42.166999816895,5 individuals,y,,
c095cc6f-7a96-5c59-a787-258622d7f679,Anemone 1,Suze Cygnes,2020-08-08,18:44:16,Anemone sylvestris,Anémone des forêts,47.1380011,7.2531206,486.30001831055,28.091999053955,2 individuals,y,,
197307b1-5496-52c3-895c-a8261a1f252b,Knautia 2,Suze Jura,2020-08-08,18:40:44,Knautia arvensis agg.,,47.1388569,7.2530012,484.89999389648,43.488998413086,1 individual,changed,scabiosa columbiara,
2ef3a6ba-2053-538e-a6b1-4fceef5c45b2,Dianthus 2,Suze Jura,2020-08-08,18:38:53,Dianthus carthusianorum agg.,Oeillet des Chartreux,47.1384998,7.2535008,485.70001220703,29.232000350952,2 species,y,,
2119650d-cf18-5059-829c-9f5b3bb536e6,Eupatorium 2,Suze Jura,2020-08-08,18:37:13,Eupatorium cannabinum,Eupatoire chanvrine,47.1389001,7.2530956,485.10000610352,40.041000366211,3 patches,y,,
b70bc5f3-0443-5beb-9c9f-ea19183b2bf1,Origanum 2,Suze Jura,2020-08-08,18:35:09,Origanum vulgare agg.,"Origan, Marjolaine",47.1389673,7.2529451,484.89999389648,33.742000579834,3 patches,y,,
2fb8d240-e828-52ac-b799-4cb03feabc5b,Secirugea 2,Suze Swatch,2020-08-08,18:25:13,Securigera varia,Coronille bigarrée,47.1436261,7.2630956,488.5,33.395000457764,1 patch,y,,
59d9c786-4dc0-5bc6-b31f-9ba281f57fc1,Lathyrus 2,Suze Swatch,2020-08-08,18:20:52,Lathyrus sylvestris,Gesse à larges feuilles,47.1439608,7.2617567,489.5,16.531000137329,1 patch,changed,lathyrus latifolius,
f47ebad7-2db8-50cb-b982-2274d7e25353,Galium C,Suze Swatch,2020-08-08,18:19:09,Galium mollugo agg.,"Gaillet commun, Gaillet blanc",47.1439907,7.2618721,488.5,22.243000030518,5 large patches,4656,,
a06659b7-9367-5951-9bd2-f6bbd59290ce,Artemisia 2,Suze Swatch,2020-08-08,18:17:28,Artemisia vulgaris agg.,Armoise commune,47.1439597,7.2624285,488.30001831055,63.428001403809,3 patches,y,,
aa870dfa-fcb9-5874-b18d-597c3734d91d,Silene 4,Suze Swatch,2020-08-08,18:16:06,Silene vulgaris,Silène enflé,47.143472,7.2629554,488.5,56.354999542236,,y,,
e0a507a3-6586-5bcb-b43c-c8bd3ef7aed6,Cirsium 4,Suze Swatch,2020-08-08,18:14:54,Cirsium arvense,Cirse des champs,47.1436357,7.2629809,488.5,24.062000274658,5 patches,y,,
590eb2a7-e38a-549c-9406-197aa2476b71,Trifolium 1,Suze Swatch,2020-08-08,18:14:02,Trifolium pratense,Trèfle des prés,47.1435465,7.2627049,490.80001831055,48.051998138428,4 patches,y,,
0fff01d3-85ad-55cb-bbd4-15253d619f52,Epilobium 3,Suze Truite 1,2020-08-08,08:57:24,Epilobium hirsutum,Epilobe velu,47.14677,7.26913,477,16.75,1 patch,y,,
fc732283-b56c-5a7e-b138-7b1836336bea,Lactuca 3,Suze Truite 1,2020-08-08,08:53:48,Lactuca serriola,,47.14677,7.26913,489.80001831055,87.599998474121,1 patch,y,,
1b08bb46-c0fa-546f-828a-f0c44eb77725,Leontodon 1,Suze Truite 1,2020-08-08,08:47:22,Leontodon hispidus,Liondent hispide,47.14677,7.26913,495.10000610352,72.900001525879,"1 individual - “capitules penché avant la floraison, tiges 3x plus longue que les feuilles, +/- dréssé",y,,
da92edf6-0298-5354-9960-73e848b32237,Carduus 2,Suze Truite 1,2020-08-08,08:43:50,Carduus personata,Cardus personata,47.14677,7.26913,489.80001831055,82.5,1 large stand,y,,
975cabde-2f8b-5059-a699-98b629e92260,Knautia 3,Suze Truite 1,2020-08-08,08:42:35,Knautia arvensis agg.,Knautie des champs,47.14677,7.26913,543,30.35000038147,1 individual,y,,
1a783d97-3b5f-5967-9718-858d48e972c1,Geranium 5,Suze Truite 1,2020-08-08,08:41:41,Geranium pyrenaicum,Géranium des Pyrénées,47.14677,7.26913,,83.737998962402,1 patch,Y,,
4e728acc-6e42-59db-b47e-58ebd3a10b2a,Dipsacus 2,Suze Truite 1,2020-08-08,08:40:35,Dipsacus pilosus,Cardère poilue,47.14677,7.26913,,110,1 individual,Y,,
4d91187e-6b66-5c44-b9b6-a76d3209ed16,Eupatorium 3,Suze Truite 1,2020-08-08,08:39:07,Eupatorium cannabinum,Eupatoire chanvrine,47.14677,7.26913,,69.916999816895,1 patch,Y,,
5756330e-2546-51f5-aab3-011cbabf1e26,Silene 5,Suze Truite 1,2020-08-08,08:35:25,Silene vulgaris,Silène enflé,47.14677,7.26913,,98.400001525879,4 patches,y,,
d6a40716-7ea5-5018-9c00-772a0707453b,Galium 2,Suze Truite 1,2020-08-08,07:33:00,Galium mollugo agg.,"Gaillet commun, Gaillet blanc",47.14677,7.26913,,110,4 patches,y,,
b4968a87-da8a-5c30-af31-d3909d63b24f,Artemisia 2,Suze Truite 1,2020-08-08,07:31:49,Artemisia vulgaris agg.,Armoise commune,47.14677,7.26913,,80.124000549316,,y,,
dbc176fb-095e-5ffa-acb1-6739af1f52e3,Cirsium 5,Suze Truite 1,2020-08-08,07:27:50,Cirsium arvense,Cirse des champs,47.14677,7.26913,489.80001831055,210,3 patches,y,,
8691c99f-14e7-5aff-9ee9-ee44d37e8044,Pastinaca 2,Suze Truite 1,2020-08-08,07:26:44,Pastinaca sativa,Panais cultivé,47.14677,7.26913,495.10000610352,46.137001037598,1 individual,y,,
6c0c5224-55dc-5f6d-86ca-e65c78952742,Daucus 2,Suze Truite 1,2020-08-08,07:26:06,Daucus carota,Carotte sauvage,47.14677,7.26913,495.10000610352,43.620998382568,1 patch,Y – missing the central darkpuprle patch (?),maybe wrong,
18be4e8e-e107-5b39-8f71-686eba470834,Chaenorhinum,Suze Truite 1,2020-08-08,07:24:34,Chaenorhinum minus agg.,Chénorhinum Mineur (groupe),47.14677,7.26913,,88.092002868652,,y,,
e897497c-8770-5c4e-8af9-446163a54922,Solanum 2,Suze Truite 1,2020-08-08,07:22:52,Solanum dulcamara,Morelle douce-amère,47.14677,7.26913,,124.48899841309,1 individual,y,,
815a47f4-e238-5d07-87fe-0a7801943153,Urtica B,Suze Truite 1,2020-08-08,07:21:33,Urtica dioica,Ortie dioïque,47.14677,7.26913,489.80001831055,87.599998474121,2 large patches,y,,
5e88902e-f5f1-55a6-9ec9-4a76b829a426,Lapsana 1,Suze Truite 1,2020-08-08,07:19:58,Lapsana communis,Lapsane commune,47.14677,7.26913,495.10000610352,82.5,3 individuals,y,,
21c19f55-d903-5d1d-a31a-7f3755c419fa,Geranium 6,Suze Truite 1,2020-08-08,07:18:41,Geranium robertianum agg.,Géranium herbe à Robert,47.14677,7.26913,489.30001831055,63.714000701904,2 patches,y,,
e33ec5a8-6504-5bde-85d6-22b4c1b4a9c0,Veronica 2,Suze Truite 1,2020-08-08,07:15:53,Veronica persica,Véronique des jardins,47.14677,7.26913,489.30001831055,77.599998474121,,y,,
bc0f2e19-22c9-52bd-b516-90e92ce4a401,Galeopsis 1,Suze Truite 1,2020-08-08,07:15:08,Galeopsis tetrahit agg.,"Ortie royale, Galéopsis tétrahit",47.14677,7.26913,495.10000610352,87.599998474121,2 patches,y,,
b0e1080e-3de8-5f26-b47f-89b0372343ca,Polygonum 1,Suze Truite 1,2020-08-08,07:13:42,Polygonum persicaria,Renouée persicaire,47.14677,7.26913,495.10000610352,46.944999694824,2 individuals,y,Persicaria maculosa,
3395ba58-4925-55cc-8ae6-64a102acbfe6,Medicago 3,Suze CFF,2020-08-07,18:14:58,Medicago lupulina,"Minette, Luzerne lupuline",47.14038,7.25646,485.80001831055,20.309999465942,2 individuals,Y,,
02db814f-e631-582c-89cb-53d81c7e64ae,Solanum 3,Suze CFF,2020-08-07,18:12:55,Solanum nigrum,Morelle noire,48.14038,7.25646,,116.09999847412,2 individuals,Y,,
2abded4c-0d3b-524b-9d1f-97d62da2a77c,Geranium 7,Suze CFF,2020-08-07,18:11:03,Geranium pyrenaicum,Géranium des Pyrénées,49.14038,7.25646,,116.09999847412,3 individuals,Y,,
ad132a95-af36-5e2b-b0eb-5499cf7817de,Epilobium 4,Suze CFF,2020-08-07,18:09:15,Epilobium hirsutum,Epilobe velu,50.14038,7.25646,487.5,19.761999130249,1 very large patch,Y,,
5ed96213-e75a-580a-b1e2-784718c4b685,Robinia 1,Suze CFF,2020-08-07,18:07:44,Robinia pseudoacacia,Robinier,51.14038,7.25646,494.20001220703,20.52799987793,,Y,,
4afff76d-cc56-5969-8ef4-0c9733aa4f8a,Erigeron 4,Suze CFF,2020-08-07,18:06:39,Erigeron annuus,Vergerette annuelle,52.14038,7.25646,485.80001831055,19.760000228882,3 individuals,Y,,
2ccc9d6b-b07a-5931-aace-3e923c6811f5,Urtica 1,Suze CFF,2020-08-07,18:06:01,Urtica dioica,Ortie dioïque,53.14038,7.25646,495.30001831055,16.079000473022,1 large patch,Y,,
13e0d812-4052-5e22-90c2-e64e3908c740,,,2020-08-07,17:53:48,Rubus caesius,Ronce bleuâtre,47.1436647,7.2625259,490.80001831055,57.728000640869,1 large patch,,,
a27828bc-8b6f-5229-9046-f240937cc531,,,2020-08-07,17:51:58,Rumex obtusifolius,"Patience sauvage, Rumex à feuilles obtuses",47.1436557,7.2631006,489.5,35.039001464844,3 patches,,,
75869175-5426-5f27-965c-147afbc5e4b1,,,2020-08-07,17:51:19,Trifolium pratense,Trèfle des prés,47.144066,7.2623223,488.20001220703,42.792999267578,4 patches,,,
ec6a8d2d-c7ce-506a-b788-ec3944f2893e,,,2020-08-07,17:49:23,Cichorium intybus,Chicorée sauvage,47.1439819,7.2619108,488.30001831055,26.118000030518,4 individuals,,,
d78370c8-93ef-5050-af50-b5011ec22271,,,2020-08-07,17:47:44,Daucus carota,Carotte sauvage,47.1436397,7.2627926,489.5,32.235000610352,3 individuals,,,
41479256-cdb2-5c63-ba2f-6f6dd7ea6660,,,2020-08-07,17:46:25,Lamium maculatum,Lamier tacheté,47.1435444,7.2626271,490.80001831055,40.020000457764,3 small patches,,,
311c0b1e-011e-546b-83a2-80c520c9a568,,,2020-08-07,17:45:22,Chaerophyllum aureum,"Chérophylle doré, Cerfeuil doré",47.1435147,7.26276,488.39999389648,43.28099822998,"1 very large parch, 3 other patches",,,
93ffeb30-5b15-58ac-9244-3b2dfab14e01,,,2020-08-07,17:43:39,Galium mollugo agg.,"Gaillet commun, Gaillet blanc",47.1439749,7.2617997,488.30001831055,30.329999923706,3 patches,,,
95a8749f-307e-5a6b-a74b-1930b7888690,,,2020-08-07,17:40:43,Centaurea jacea agg.,Centaurée jacée,47.1436267,7.2630049,490.80001831055,32.698001861572,1 patch,,,
7572f5ba-7d18-59ae-89da-1ba476087cc7,,,2020-08-07,17:39:11,Silene vulgaris,Silène enflé,47.1434414,7.2625668,490.80001831055,40.411998748779,5 small patches,,,
72877de6-a131-5343-a883-ed42f87ae446,,,2020-08-07,17:36:37,Medicago varia,,47.1438645,7.2622558,488.5,50.853000640869,1 patch,,,
d746b032-9048-542a-b523-480db5161634,,,2020-08-07,17:35:15,Erigeron annuus,Vergerette annuelle,47.1439059,7.261971,489.10000610352,41.395000457764,8 patches,,,
679d2c48-7646-58ac-a65b-b043f3495919,,,2020-08-07,17:34:13,Calystegia sepium agg.,Liseron des haies,47.1438874,7.2619527,488.20001220703,43.338001251221,4 patches,,,
d7ea1411-0262-587d-b0d0-8c322a6c5cb7,,,2020-08-07,17:32:04,Lotus corniculatus agg.,Lotier corniculé,47.1439361,7.2619009,488.30001831055,35.598999023438,8 patches,,,
f2ffe355-36da-5087-8590-4bb085ab1561,,,2020-08-07,17:29:58,Arctium lappa,Bardane commune,47.1438266,7.2619628,488.20001220703,37.286998748779,6 patches,,,
58daafc8-fe0f-5e69-bf48-9cc59caf3fbe,,,2020-08-07,15:53:32,Geranium pyrenaicum,Géranium des Pyrénées,47.1533644,7.2683963,493.89999389648,22.337999343872,~15 individuals,,,
4745017f-7aba-53ab-acee-6ce114bf98c7,,,2020-08-07,15:51:35,Melilotus albus,Mélilot blanc,47.1534209,7.2683102,494.39999389648,19.47500038147,1 individual,,,
def590de-32e5-535e-b51d-ddd0cf6bb2dd,,,2020-08-07,15:50:01,Echium vulgare,Vipérine commune,47.1533197,7.2685516,493.5,18.700000762939,many old individuals present,,,
31f95a40-c8e9-509b-9343-337989fa5a11,,,2020-08-07,15:48:13,Senecio inaequidens,Séneçon sud-africain,47.1533526,7.2685492,493.30001831055,14.947999954224,1 small patch ~ 3 plants,,,
3880e0e4-8d5f-5dac-8073-a16772853b4d,,,2020-08-07,15:46:50,Lavandula angustifolia,Lavande vraie,47.153404,7.2683674,493.30001831055,20.638000488281,,,,
eca5a831-db18-5dfd-a81f-962ee6187cda,,,2020-08-07,15:45:24,Trifolium pratense,Trèfle des prés,47.1534566,7.2682678,495.60000610352,16.347999572754,many plants ~ 30 in the shaded areas,,,
de4ac0a8-b0a3-5712-99f6-557e01b04f0b,,,2020-08-07,15:43:35,Daucus carota,Carotte sauvage,47.15337,7.2684518,493.80001831055,17.548999786377,1 sparse patch of 5-7 individuals,,,
a16d76d1-f471-5506-991e-9115893c9261,,,2020-08-07,15:41:38,Clematis vitalba,Clématite blanche,47.1533826,7.2685425,493.89999389648,17.267999649048,1 large patch on the ground,,,
8a0b4128-5cec-5853-9d14-05a17767d919,,,2020-08-07,15:39:50,Hypericum perforatum,Millepertuis perforé,47.1533721,7.268373,493.30001831055,18.134000778198,"many patches, most common flower",,,
31164667-d12f-5cf8-97a3-0cb0178cecad,,,2020-08-07,15:37:34,Eupatorium cannabinum,Eupatoire chanvrine,47.1533635,7.2685371,493.80001831055,16.641000747681,1 patch,,,
a6101c76-842d-59ad-b825-dbf1a4e7faec,,,2020-08-07,15:36:17,Solidago canadensis,Solidage du Canada,47.1534521,7.2682828,494.10000610352,24.018999099731,1 patch,,,
6c827eea-d1b5-54b6-a5a3-23945719e603,,,2020-08-07,15:33:49,Epilobium dodonaei,Epilobe romarin,47.153324,7.2685921,493.30001831055,19.662000656128,5 patches,,,
b756a3e0-a103-5421-af46-28109799113d,,,2020-08-06,18:52:20,Hypericum perforatum,Millepertuis perforé,47.1459721,7.2677111,489.60000610352,63.966999053955,,,,
884b8371-ce45-5b15-9355-3ade0bc6b3e8,,,2020-08-06,18:50:38,Silene latifolia,Compagnon Blanc,47.146059,7.2683679,489.89999389648,43.112998962402,,,,
a9420e14-80df-521c-9033-d313306531b0,,,2020-08-06,18:48:23,Knautia arvensis agg.,Knautie des champs,47.146385,7.2678282,489.89999389648,32.717998504639,,,,
a5aea9bd-e87a-53af-a4a4-d0a7ddbfcd82,,,2020-08-06,18:39:19,Cirsium arvense,Cirse des champs,,,,,,,,
3fa98d72-39ea-5159-b8b9-3652931930eb,,,2020-08-06,18:38:12,Rumex obtusifolius,"Patience sauvage, Rumex à feuilles obtuses",47.1462673,7.2687107,487,10,,,,
f49c6cb0-2f25-57ac-9a9b-64561983c228,,,2020-08-06,18:35:31,Clinopodium vulgare,Sarriette clinopode,47.1462227,7.2687921,483,10.5,,,,
accd536d-4d5a-59ae-9f56-65eaca7be661,,,2020-08-06,18:32:11,,,47.1461667,7.2687882,494.89999389648,29.360000610352,,,,
4f3903fa-8c35-5530-a790-47291020b8f8,,,2020-08-06,18:28:26,Phlox pilosa,Phlox Pubescent,47.1463357,7.2689365,488,22.412000656128,,,,
c79c2539-0868-5a5d-b9bd-258805e83ba1,,,2020-08-06,18:26:03,Urtica dioica,Ortie dioïque,47.1462199,7.2688131,495.39999389648,35.324001312256,,,,
221b654f-3f7c-559f-a4b1-15d054ee0152,,,2020-08-06,18:24:04,Salix purpurea,"Osier rouge, Saule pourpre",47.1461984,7.2691739,496.30001831055,32.270999908447,,,,
e9eaef75-728c-5eb5-b144-7a7ab0c5b1b7,,,2020-08-06,18:19:42,Rosa spinosissima,Rosier très épineux,47.1462389,7.2688768,495.39999389648,41.194000244141,,,,
88b5647c-5deb-5713-988b-e27b86e74f90,,,2020-08-06,18:17:37,,,47.1462462,7.2688518,489.89999389648,44.227001190186,,,,
a5aea9bd-e87a-53af-a4a4-d0a7ddbfcd82,,,2020-08-06,18:15:36,Sambucus nigra,"Grand sureau, Sureau noir",,,,,,,,
3de78176-f550-5f36-9a28-3b4044c8f720,,,2020-08-06,18:14:39,Rubus Rubus sect.,,47.1465677,7.2692877,490,31.832000732422,,,,
abf9b598-de46-5689-935d-ca8efb77c17b,,,2020-08-06,18:06:41,Daucus carota,Carotte sauvage,47.1465337,7.2692449,490,59.536998748779,,,,
41da50ce-2b65-51a0-85b2-032d7cc84d8d,,,2020-08-06,18:05:59,Trifolium pratense,Trèfle des prés,47.146309,7.2688797,489.80001831055,62.456001281738,,,,
0761027a-bef4-5f55-9207-6a963c345d6c,,,2020-08-06,18:05:34,Silene vulgaris,Silène enflé,47.1463135,7.2690616,494.70001220703,63.064998626709,3 patches,,,
2a418683-340e-59ad-a92c-e8ce313a2cdf,,,2020-08-06,18:04:50,Centaurea scabiosa,Centaurée scabieuse,47.1463094,7.2691177,489.80001831055,56.678001403809,,,,
98b86b0a-84a4-575d-ab8a-c46cac31a967,,,2020-08-06,18:04:16,Lotus corniculatus agg.,Lotier corniculé,47.1464101,7.2692398,494.70001220703,49.192001342773,,,,
42a8f5cd-b6c7-5401-98cb-dc150ba61c0f,,,2020-08-06,18:03:11,Chenopodium album agg.,Chénopode blanc,47.1462803,7.2691937,495.39999389648,31.90299987793,,,,
751050e0-40e2-50f5-8023-f3460621f20a,,,2020-08-06,18:02:15,Leucanthemum vulgare agg.,Marguerite précoce,47.1463537,7.2691563,494.70001220703,34.375,,,,
225e9e94-220d-5851-a326-9979570d5a2b,,,2020-08-06,18:00:54,Centaurea jacea agg.,Centaurée jacée,47.146504,7.2692203,492.30001831055,43.370998382568,,,,
7906053d-1225-51db-a5fb-678df49d8307,,,2020-08-06,17:59:18,Cirsium arvense,Cirse des champs,47.1466656,7.2692296,494.70001220703,44.581001281738,,,,
8a6ea4db-e470-506c-8949-22635e08a8e1,,,2020-08-06,17:57:15,Galium mollugo agg.,"Gaillet commun, Gaillet blanc",47.1464181,7.2690994,502,9,,,,
a5aea9bd-e87a-53af-a4a4-d0a7ddbfcd82,,,2020-08-05,10:43:18,Pseudofumaria lutea,Corydale jaune,,,,,,,,
a5aea9bd-e87a-53af-a4a4-d0a7ddbfcd82,,,2020-08-04,10:44:07,Potentilla reptans,Quintefeuille,,,,,,,,
c4a3d2e3-138f-513f-8cf1-f16762118342,,,2020-08-04,10:42:44,Bryonia dioica,Bryone dioïque,47.1472734,7.2688924,,98.400001525879,,,,
4772e6b0-666d-54a7-8b28-dbf0a044c2a5,,,2020-08-04,10:24:31,Sorbus aucuparia,Sorbier des oiseleurs,47.1503651,7.2704006,494.30001831055,21.160999298096,,,,
7de91f9f-ab11-510c-b9d5-59df20a4fb38,,,2020-08-04,10:23:09,Sambucus nigra,"Grand sureau, Sureau noir",47.1501745,7.2704358,493.89999389648,27.111000061035,,,,
edcbce18-b15f-5a6f-b9e9-415ef8a59b71,,,2020-08-04,10:20:36,Echium vulgare,Vipérine commune,47.1500366,7.2708654,491,12,,,,
279871e5-37f9-5541-aaec-f6cd7c006211,,,2020-08-04,10:17:16,Silene latifolia,Compagnon Blanc,47.1501488,7.2704834,501.60000610352,21.260999679565,,,,
39d9fb2d-e010-596b-bf0c-46ee223eecae,,,2020-08-04,10:11:22,Cichorium intybus,Chicorée sauvage,47.1501604,7.270463,493.30001831055,29.945999145508,,,,
6a0785c2-85e5-549c-8484-f6c0e8450978,,,2020-08-04,10:08:59,Geranium robertianum agg.,Géranium herbe à Robert,47.1501878,7.27066,496.10000610352,72.900001525879,,,,
c47ce170-50ed-51a9-80c3-2bbbc7cdc41f,,,2020-08-04,10:07:15,Urtica dioica,Ortie dioïque,47.1498643,7.2714948,,68.65299987793,,,,
faff8dfb-5005-5618-aee3-495e0fe69752,,,2020-08-04,10:06:05,Sambucus nigra,"Grand sureau, Sureau noir",47.1501717,7.270448,493,53.102001190186,,,,
a0d3b74f-53a6-51e2-a8ae-0ba9d4b4961a,,,2020-08-04,09:52:28,Galeopsis tetrahit agg.,"Ortie royale, Galéopsis tétrahit",47.1489677,7.2708428,492.10000610352,72.900001525879,,,,
d83b1015-f54b-5f9e-8415-ed783f2960f0,,,2020-08-04,09:51:23,Linaria vulgaris agg.,Linaire commune,47.1488941,7.2709046,492.10000610352,40.141998291016,,,,
5e5d730a-96d1-5741-a975-d5a3caa7d0d4,,,2020-08-04,09:50:34,Cornus sanguinea,Cornouiller sanguin,47.1488341,7.2710049,492.10000610352,45.505001068115,,,,
b810993f-6991-5c64-8c4f-72696c74e431,,,2020-08-04,09:48:33,Malva alcea,Mauve alcée,47.1489295,7.2708623,491.70001220703,48.632999420166,,,,
d0859ba5-6b79-55e6-9e46-3aeaf903d677,,,2020-08-04,09:47:01,Echium vulgare,Vipérine commune,47.1489947,7.2713326,492.30001831055,54.583999633789,,,,
2b86de0c-3c6f-5154-9e52-6f4401928f54,,,2020-08-04,09:46:14,Cichorium intybus,Chicorée sauvage,47.1490197,7.2711921,491.70001220703,47.675998687744,,,,
2049c72f-3255-5031-a36c-2a4a925c6579,,,2020-08-04,09:42:32,Geranium robertianum agg.,Géranium herbe à Robert,47.1480153,7.2707092,491,331.74899291992,,,,
745b25ab-0e21-50b4-85e9-812bc2e5ac9d,,,2020-08-04,09:41:50,Eupatorium cannabinum,Eupatoire chanvrine,47.1464087,7.2700673,,1299.9990234375,,,,
745b25ab-0e21-50b4-85e9-812bc2e5ac9d,,,2020-08-04,09:40:35,Cirsium oleraceum,Cirse jaunâtre,47.1464087,7.2700673,,1299.9990234375,,,,
8afe3c22-b1b8-5536-8fb9-d528738ca3ed,,,2020-08-04,09:37:13,Viburnum opulus,"Boule de neige, Viorne obier",47.1485749,7.2693666,492.10000610352,77.599998474121,,,,
745b25ab-0e21-50b4-85e9-812bc2e5ac9d,,,2020-08-04,09:34:33,Angelica sylvestris,Angélique sauvage,47.1464087,7.2700673,,1299.9990234375,,,,
745b25ab-0e21-50b4-85e9-812bc2e5ac9d,,,2020-08-04,09:32:28,Cirsium arvense,Cirse des champs,47.1464087,7.2700673,,1299.9990234375,,,,
fffa2730-0f9c-597a-91c4-ce28046b4343,,,2020-08-04,09:30:42,Origanum vulgare agg.,"Origan, Marjolaine",47.1486949,7.2700034,492.10000610352,60,,,,
bf749ab8-8629-5c09-a16e-d4dfd04f23b7,,,2020-08-04,09:29:23,Origanum vulgare agg.,"Origan, Marjolaine",47.1476387,7.2685176,,104.09999847412,,,,
1ab3f6dd-96ff-5d7e-925d-9967f63db4d4,,,2020-08-03,19:04:42,Centaurea jacea agg.,Centaurée jacée,47.146438,7.2686268,492.30001831055,70.150001525879,,,,
3b325920-9557-5716-891d-ec2b06647775,,,2020-08-03,19:04:16,Salvia pratensis agg.,Sauge des prés,47.1464772,7.2680056,489.89999389648,76.407997131348,,,,
b59cceca-6d70-52e5-9e12-67c04f61658a,,,2020-08-03,18:59:56,Cichorium intybus,Chicorée sauvage,47.1474639,7.2696024,492.10000610352,72.900001525879,,,,
3aef1bd7-be4f-5681-8e0a-7e03021af118,,,2020-08-03,18:55:17,Dipsacus fullonum,Cardère sauvage,47.1483566,7.2696905,491.10000610352,72.955001831055,,,,
6f9e34ec-02ca-5a6e-b1f8-98b6a51bde4b,,,2020-08-03,18:51:56,,,47.1484638,7.2694093,492.10000610352,41.569999694824,,,,
e55b190f-8969-577f-82d7-357ad5852501,,,2020-08-03,18:47:51,Rafinesquia neomexicana,,47.1476472,7.2696097,491.10000610352,90.765998840332,,,,
c2c1be71-3fd1-53f2-9aa0-09449a86ccb5,,,2020-08-03,18:47:09,Erigeron annuus,Vergerette annuelle,47.1483827,7.2701516,491.89999389648,84.099998474121,,,,
71130cb2-ea72-52bf-a473-4e019422107c,,,2020-08-03,18:46:22,Pastinaca sativa,Panais cultivé,47.1474237,7.2695932,490.89999389648,104.09999847412,,,,
c314607c-f0de-5b24-95ea-ed9595e9cd44,,,2020-08-03,18:42:18,Alnus glutinosa,"Aulne glutineux, Verne",47.1473688,7.2697337,491.10000610352,27.799999237061,,,,
524798fb-acd0-51bc-ba8c-a7933f6f2802,,,2020-08-03,18:39:49,,,47.1471304,7.2697879,,55.703998565674,,,,
524798fb-acd0-51bc-ba8c-a7933f6f2802,,,2020-08-03,18:39:27,Senecio jacobaea,"Séneçon jacobée, Herbe de St-Jacques",47.1471304,7.2697879,,55.703998565674,,,,
12c7d550-6267-565d-8302-e79e5ca86753,,,2020-08-03,18:38:17,Origanum vulgare agg.,"Origan, Marjolaine",47.1473727,7.2694305,491.10000610352,61.458000183105,,,,
8e7fd2af-f4e5-5339-b0ea-ecab065fa0ca,,,2020-08-03,14:11:53,Seseli libanotis,Séséli libanotis,47.1431039,7.260727,487.5,48.692001342773,,,,
be9167c7-face-55bb-913f-577cc0db3a4e,,,2020-08-03,14:11:26,Campanula rotundifolia agg.,Campanule à feuilles rondes,47.1430586,7.2605608,487.39999389648,50.24100112915,,,,
64465127-178b-5c5a-8e41-11e9fc83dbdc,,,2020-08-03,14:10:14,,,47.1432189,7.2608762,487.5,44.708000183105,,,,
b2f0e5e9-15fe-5bc5-9133-646d97ff4e0d,,,2020-08-03,14:09:00,Clematis vitalba,Clématite blanche,47.1431774,7.26083,487.5,34.764999389648,,,,
43e5a7df-b6d1-59e9-96c7-761e0fbc4de6,,,2020-08-03,14:07:43,Hypericum perforatum,Millepertuis perforé,47.1433579,7.2609786,487.60000610352,19.757999420166,,,,
6c8e1b33-184b-50be-a9bc-b040fa5185f9,,,2020-08-03,14:07:14,Eupatorium cannabinum,Eupatoire chanvrine,47.1433912,7.2611771,494.89999389648,13,,,,
68d97405-c2c5-5143-9130-489165188083,,,2020-08-03,13:59:43,Lactuca serriola,Laitue serriole,47.1423047,7.2596568,489.70001220703,61.785999298096,,,,
068e94dc-a55d-5765-bf9d-957b7b11a1e9,,,2020-08-03,13:54:36,,,47.1431736,7.2601274,,116.09999847412,,,,
29fc4f9f-c620-57d6-83ae-6177b6b2e2f7,,,2020-08-03,13:50:52,Silene vulgaris,Silène enflé,47.1431717,7.26021,502.89999389648,82.5,,,,
231e695c-6fd6-523c-b149-0af143f79432,,,2020-08-03,13:45:46,Picris hieracioides,"Picride fausse épervière, Picride amère",47.1423776,7.2587704,,35.632999420166,,,,
65e25665-2f8a-599f-b69d-602a201bcd1f,,,2020-08-03,13:42:46,,,47.1430453,7.2595426,513.89996337891,87.599998474121,,,,
ea7ebfd2-62b4-5d50-925d-ec3e3c35e441,,,2020-08-03,13:37:44,Cymbalaria muralis,"Ruine de Rome, Cymbalaire",47.1416337,7.2567814,,98.400001525879,,,,
d7bfaeae-c2a8-5fa6-a6bb-c424bea2e50a,,,2020-08-01,09:34:36,,,47.1421182,7.259785,487.70001220703,48.263999938965,,,,
9c7891a0-61d4-591e-898e-9e8f81270314,,,2020-08-01,09:29:48,,,47.1424738,7.2594175,487.10000610352,12.5,,,,
9ee90dee-743e-57f2-98a0-a5e56844fbe0,,,2020-08-01,09:27:52,Silene vulgaris,Silène enflé,47.1431533,7.2600549,516.69995117188,62.25,,,,
7abd590b-d3e6-56fd-b465-634606d7c032,,,2020-08-01,09:26:00,Silene latifolia,Compagnon Blanc,47.1421034,7.259257,489.5,77.599998474121,,,,
acd5e347-387c-5319-a076-551c6d46e131,,,2020-08-01,09:24:32,Reseda lutea,Réséda jaune,47.1422045,7.2592459,,92.900001525879,,,,
0d3151bf-6969-50fe-8384-f0fbf28197ab,,,2020-08-01,09:17:25,Centaurea scabiosa,Centaurée scabieuse,47.1420994,7.2593207,,48.407001495361,,,,
379cf5ea-ba5c-597b-8cb7-7f0fd08edff2,,,2020-08-01,09:14:52,,,47.1421484,7.2599081,487.70001220703,52.400001525879,,,,
df505e80-4d57-567f-842c-df4a75afc72d,,,2020-08-01,09:14:08,Daucus carota,Carotte sauvage,47.1421669,7.2599265,487.70001220703,52.400001525879,,,,
0d884707-d313-514a-92f1-98e4aa8941eb,,,2020-07-31,11:07:46,Carduus crispus,Chardon crépu,47.1400011,7.2550378,484.5,25.82799911499,,,,
5c477daf-2de1-56bb-a6c4-0b06b54be2de,,,2020-07-31,11:06:04,Convolvulus arvensis,Liseron des champs,47.1401684,7.2550769,491.39999389648,30.031999588013,,,,
984d30f5-e091-5e36-b0c1-29f116506bf2,,,2020-07-31,11:03:48,Arctium minus,Bardane à petits capitules,47.1400511,7.2545902,486.39999389648,41.347999572754,,,,
243ecd20-8dbc-5cfe-93c9-eeb985b2028b,,,2020-07-31,10:59:27,,,47.1395745,7.2541813,487.20001220703,34.187999725342,,,,
8df7ba68-ae94-5fd4-a42c-63f14d00a1ee,,,2020-07-31,10:56:56,Sambucus nigra,"Grand sureau, Sureau noir",47.1395612,7.2542066,486.20001220703,33.631000518799,,,,
4b514359-b3bb-5fe4-80f0-2d2aabd7e324,,,2020-07-31,10:55:39,Carduus crispus,Chardon crépu,47.1396216,7.2540635,487.20001220703,34.494998931885,,,,
f472fe67-e640-5cbd-a284-a9b62990a1f4,,,2020-07-31,10:53:33,Carduus crispus,Chardon crépu,47.1394586,7.2540338,487.70001220703,13,,,,
12d30344-c472-53fa-a3a2-7152fb43fad2,,,2020-07-31,10:48:43,Crataegus monogyna,"Aubépine à un style, Epine blanche",47.1372593,7.2527432,490.39999389648,58.242000579834,,,,
6e27e0c1-4ad2-527b-ae94-41e5f00ad5e8,,,2020-07-31,10:44:13,Epilobium hirsutum,Epilobe velu,47.1363281,7.2526681,484.5,10,,,,
fd788f12-0ad0-54fb-bd95-5e6950f6e45c,,,2020-07-31,10:41:57,Mentha spicata agg.,Menthe en grappe,47.1361603,7.2526967,484.80001831055,19.768999099731,,,,
bb3b9d8f-f3d7-542f-acd4-2ccab50dc962,,,2020-07-31,10:36:21,Pastinaca sativa,Panais cultivé,47.1358645,7.2530315,484.39999389648,33.254001617432,,,,
faf5f77a-c5d7-5223-82f4-16c16dda1b0a,,,2020-07-31,10:34:12,Galium mollugo agg.,"Gaillet commun, Gaillet blanc",47.1359138,7.2529951,484.39999389648,21.69700050354,,,,
7246ada1-1147-5713-a80d-7ad01f7c939b,,,2020-07-31,10:32:28,Trifolium pratense,Trèfle des prés,47.1358226,7.2530693,484.39999389648,25.319999694824,,,,
e0a5da18-2752-54a7-9675-1e898e1c8a0d,,,2020-07-31,10:29:38,Daucus carota,Carotte sauvage,47.1358157,7.2529616,484.39999389648,10.5,,,,
e35bc0b0-1bd8-5889-91e6-a3281f46c242,,,2020-07-29,09:46:19,Sedum album,Orpin blanc,47.0839231,7.1359209,504,20,,,,
a5aea9bd-e87a-53af-a4a4-d0a7ddbfcd82,,,2020-07-29,09:41:51,,,,,,,,,,
01b68364-3216-5ec7-b72c-589521cec6dd,,,2020-07-28,11:58:18,Heracleum sphondylium,"Patte d'ours, Berce des prés",47.1340629,7.2524383,489.60000610352,17.15299987793,,,,
507e962a-b896-5376-b20a-bb3e2158aaf1,,,2020-07-28,11:56:13,Bryonia dioica,Bryone dioïque,47.1340787,7.2524732,484.39999389648,23.243999481201,,,,
4747cfaa-4dc9-54a4-aaf2-42f69ef7d791,,,2020-07-28,11:51:59,Geranium molle agg.,Géranium mou,47.134083,7.2524023,484.20001220703,19.139999389648,,,,
370b04ad-b35e-5b1e-8d06-5551e70fa882,,,2020-07-28,11:51:18,Geum urbanum,Benoîte commune,47.1340729,7.2524249,484.5,16.052000045776,,,,
7195fc96-6d40-5b9e-9604-218e4af48aa0,,,2020-07-28,11:48:26,Urtica dioica,Ortie dioïque,47.13409,7.2524346,489.70001220703,15.22500038147,,,,
6d087e13-ba0c-5e30-abe1-5e7d63854397,,,2020-07-28,11:45:57,Cornus sanguinea,Cornouiller sanguin,47.1343818,7.2526187,484.5,23.885000228882,,,,
b241b9ef-7c32-502e-9d6f-5db26963f524,,,2020-07-28,11:37:36,Verbena officinalis,Verveine officinale,47.1342673,7.2524459,484.39999389648,26.923999786377,,,,
8899e404-a110-5980-8718-d2b58bbb46e6,,,2020-07-28,11:24:05,Senecio inaequidens,Séneçon sud-africain,47.1389595,7.2531205,485.10000610352,25.471000671387,,,,
b3d4da89-9486-5f68-9c1b-94d640ec3aac,,,2020-07-28,11:21:24,,,47.1390538,7.2534708,486.39999389648,16.149000167847,,,,
8f976dbd-0f8e-5da0-af9d-a2db8337932d,,,2020-07-28,11:17:18,Alcea rosea,"Passerose, Rose trémière",47.1403439,7.2562076,,33.613998413086,,,,
44cf9e0c-8fa6-56a0-ba56-ffc3fcfb0e73,,,2020-07-28,11:14:31,Crepis capillaris,Crépide capillaire,47.1408707,7.2565084,494.10000610352,18.95299911499,2 individuals,,,
1d2e91be-263b-53e0-8054-e1022f4ba60f,,,2020-07-28,11:12:52,Trifolium pratense,Trèfle des prés,47.1411255,7.2568143,489.30001831055,24.190000534058,many individuals along the whole left bank,,,
328c521e-e21d-57f4-80f8-220969e52943,,,2020-07-28,11:11:44,Heracleum sphondylium,"Patte d'ours, Berce des prés",47.1409693,7.2566037,490.89999389648,16,left bank of river has many individuals,,,
0741e7c3-52a5-5877-83d8-81b81746cf4a,,,2020-07-28,10:18:22,Centaurea jacea agg.,Centaurée jacée,47.1360261,7.2528587,484.5,17.391000747681,,,,
0c087d48-bd61-5d4a-b0b2-3b96702655fe,,,2020-07-28,10:15:25,Daucus carota,Carotte sauvage,47.1355387,7.253324,484.30001831055,23.770000457764,,,,
a5aea9bd-e87a-53af-a4a4-d0a7ddbfcd82,,,2020-07-28,10:12:44,Centaurea jacea agg.,Centaurée jacée,,,,,,,,
4e13bd2d-6d17-5747-888f-73ccb92acfda,,,2020-07-27,10:18:45,Bellis perennis,Pâquerette vivace,47.0472137,7.154379,,51.150001525879,,,,
7fca813e-9f70-5fa9-92ed-e6b765912fe9,,,2020-07-27,10:11:36,Filipendula ulmaria,"Reine des prés, Spirée",47.0482063,7.1593393,482,4.1999998092651,,,,
8242e90b-b0b2-5b43-aca6-c37ed6dd2d5a,,,2020-07-27,10:01:15,,,47.0483329,7.1623182,484,4.5,,,,
36cece8d-7b43-57ca-919c-c3059e0f0585,,,2020-07-27,09:55:24,Circaea lutetiana,"Herbe des sorcières, Circée commune",47.0483583,7.1623706,482,4.5,,,,
fa000ede-d557-5068-a252-3370886c506e,,,2020-07-27,09:53:05,Filipendula ulmaria,"Reine des prés, Spirée",47.048396,7.1623836,478,4.5,,,,
7b0bf52d-15df-598d-b87e-d3ff19dc4482,,,2020-07-27,09:46:59,Chaerophyllum temulum,Chérophylle penché,47.0484601,7.1623948,480,4.5,,,,
7b0bf52d-15df-598d-b87e-d3ff19dc4482,,,2020-07-27,09:45:58,Lythrum salicaria,Salicaire commune,47.0484601,7.1623948,480,4.5,,,,
ea917710-306d-55bd-a247-a205736ae49c,,,2020-07-27,09:44:07,Knautia maxima,,47.0484006,7.1623548,480,4.3000001907349,,,,
f4d44192-0e60-556a-90e4-7ea02701a271,,,2020-07-27,09:41:15,Viburnum lantana,"Mancienne, Viorne lantane",47.0483955,7.1623486,483,4.5,,,,
f45c9595-bb66-51a5-99eb-9eb2dd332a76,,,2020-07-27,09:38:08,Galium mollugo agg.,"Gaillet commun, Gaillet blanc",47.0484247,7.1622823,489,4.1999998092651,,,,
b293f530-bb95-51ec-abeb-185248780a5f,,,2020-07-27,09:14:31,Heracleum sphondylium,"Patte d'ours, Berce des prés",47.0483262,7.1622748,484,15.449999809265,,,,
61ca32b9-2363-566e-ae30-de5677187071,,,2020-07-27,09:11:40,Urtica dioica,Ortie dioïque,47.0480935,7.1592594,,110,,,,
