date,species_slug,place_slug,loc_date
2020-09-02,plantago-lanceolata,alleestrasse-1,"('alleestrasse-1', '2020-09-02')"
2020-09-02,centaurea-nigra,alleestrasse-1,"('alleestrasse-1', '2020-09-02')"
2020-09-02,plantago-media,alleestrasse-1,"('alleestrasse-1', '2020-09-02')"
2020-09-02,chenopodium-album,alleestrasse-1,"('alleestrasse-1', '2020-09-02')"
2020-09-02,centaurea-jacea,alleestrasse-1,"('alleestrasse-1', '2020-09-02')"
2020-09-02,veronica-persica,alleestrasse-1,"('alleestrasse-1', '2020-09-02')"
2020-09-02,geranium-pyrenaicum,alleestrasse-1,"('alleestrasse-1', '2020-09-02')"
2020-07-28,centaurea-jacea,alleestrasse-1,"('alleestrasse-1', '2020-07-28')"
2020-07-28,daucus-carota,alleestrasse-1,"('alleestrasse-1', '2020-07-28')"
2020-07-28,centaurea-jacea,alleestrasse-1,"('alleestrasse-1', '2020-07-28')"
2020-07-31,mentha-spicata,alleestrasse-2,"('alleestrasse-2', '2020-07-31')"
2020-07-31,pastinaca-sativa,alleestrasse-2,"('alleestrasse-2', '2020-07-31')"
2020-07-31,galium-mollugo,alleestrasse-2,"('alleestrasse-2', '2020-07-31')"
2020-07-31,trifolium-pratense,alleestrasse-2,"('alleestrasse-2', '2020-07-31')"
2020-07-31,daucus-carota,alleestrasse-2,"('alleestrasse-2', '2020-07-31')"
16.06.2020,achillea-millefolium,alleestrasse-3,"('alleestrasse-3', '16.06.2020')"
16.06.2020,sedum-album,alleestrasse-3,"('alleestrasse-3', '16.06.2020')"
16.06.2020,chaerophyllum-hirsutum,alleestrasse-3,"('alleestrasse-3', '16.06.2020')"
16.06.2020,erigeron-annuus,alleestrasse-3,"('alleestrasse-3', '16.06.2020')"
2020-07-31,epilobium-hirsutum,alleestrasse-3,"('alleestrasse-3', '2020-07-31')"
06.06.2020,verbascum-thapsus,alleestrasse-4,"('alleestrasse-4', '06.06.2020')"
16.06.2020,trifolium-pratense,alleestrasse-4,"('alleestrasse-4', '16.06.2020')"
06.06.2020,silene-latifolia,alleestrasse-4,"('alleestrasse-4', '06.06.2020')"
06.06.2020,silene-dichotoma,alleestrasse-4,"('alleestrasse-4', '06.06.2020')"
11.07.2020,verbena-bonariensis,alleestrasse-4,"('alleestrasse-4', '11.07.2020')"
16.06.2020,achillea-millefolium,alleestrasse-4,"('alleestrasse-4', '16.06.2020')"
2020-08-13,clinopodium-vulgare,bluets-1,"('bluets-1', '2020-08-13')"
2020-08-13,centaurea-jacea,bluets-1,"('bluets-1', '2020-08-13')"
2020-08-13,centaurea-jacea,bluets-1,"('bluets-1', '2020-08-13')"
2020-08-13,scabiosa-columbaria,bluets-1,"('bluets-1', '2020-08-13')"
2020-08-13,silene-latifolia,bluets-1,"('bluets-1', '2020-08-13')"
2020-08-13,trifolium-pratense,bluets-1,"('bluets-1', '2020-08-13')"
2020-08-13,trifolium-repens,bluets-1,"('bluets-1', '2020-08-13')"
2020-08-13,silene-vulgaris,bluets-1,"('bluets-1', '2020-08-13')"
2020-08-13,silene-latifolia,bluets-1,"('bluets-1', '2020-08-13')"
2020-08-13,epilobium-hirsutum,bluets-1,"('bluets-1', '2020-08-13')"
2020-08-13,crepis-capillaris,bluets-1,"('bluets-1', '2020-08-13')"
2020-08-13,melilotus-albus,bluets-1,"('bluets-1', '2020-08-13')"
2020-08-13,erigeron-annuus,bluets-1,"('bluets-1', '2020-08-13')"
2020-08-13,veronica-persica,bluets-1,"('bluets-1', '2020-08-13')"
2020-08-13,malva-neglecta,bluets-1,"('bluets-1', '2020-08-13')"
2020-08-13,cirsium-arvense,bluets-1,"('bluets-1', '2020-08-13')"
2020-08-13,calystegia-sepium,bluets-1,"('bluets-1', '2020-08-13')"
2020-08-13,galium-mollugo,bluets-1,"('bluets-1', '2020-08-13')"
2020-08-13,brassica-napus,bluets-1,"('bluets-1', '2020-08-13')"
2020-08-13,silene-latifolia,bluets-1,"('bluets-1', '2020-08-13')"
2020-08-13,lotus-corniculatus,bluets-1,"('bluets-1', '2020-08-13')"
2020-08-13,trifolium-pratense,bluets-1,"('bluets-1', '2020-08-13')"
2020-08-13,medicago-sativa,bluets-1,"('bluets-1', '2020-08-13')"
10.07.2020,hypericum-perforatum,bluets-2,"('bluets-2', '10.07.2020')"
12.06.2020,tragopogon-pratensis,bluets-2,"('bluets-2', '12.06.2020')"
12.06.2020,geranium-pyrenaicum,bluets-2,"('bluets-2', '12.06.2020')"
12.06.2020,knautia-arvensis,bluets-2,"('bluets-2', '12.06.2020')"
12.06.2020,centaurea-jacea,bluets-2,"('bluets-2', '12.06.2020')"
12.06.2020,galium-mollugo,bluets-2,"('bluets-2', '12.06.2020')"
12.06.2020,leucanthemum-vulgare,bluets-2,"('bluets-2', '12.06.2020')"
12.06.2020,vicia-sepium,bluets-2,"('bluets-2', '12.06.2020')"
28.06.2020,tragopogon-pratensis,bluets-3,"('bluets-3', '28.06.2020')"
28.06.2020,senecio-inaequidens,bluets-3,"('bluets-3', '28.06.2020')"
28.06.2020,knautia-arvensis,bluets-3,"('bluets-3', '28.06.2020')"
28.06.2020,medicago-sativa,bluets-3,"('bluets-3', '28.06.2020')"
28.06.2020,dianthus-carthusianorum,bluets-3,"('bluets-3', '28.06.2020')"
28.06.2020,mentha-longifolia,bluets-3,"('bluets-3', '28.06.2020')"
28.06.2020,lapsana-communis,bluets-3,"('bluets-3', '28.06.2020')"
28.06.2020,galium-mollugo,bluets-3,"('bluets-3', '28.06.2020')"
28.06.2020,erigeron-annuus,bluets-3,"('bluets-3', '28.06.2020')"
09.06.2020,medicago-lupulina,boujean-1,"('boujean-1', '09.06.2020')"
09.06.2020,cichorium-intybus,boujean-1,"('boujean-1', '09.06.2020')"
09.06.2020,potentilla-reptans,boujean-1,"('boujean-1', '09.06.2020')"
09.06.2020,papaver-rhoeas,boujean-2,"('boujean-2', '09.06.2020')"
09.06.2020,hypericum-maculatum,boujean-2,"('boujean-2', '09.06.2020')"
09.06.2020,trifolium-pratense,boujean-2,"('boujean-2', '09.06.2020')"
09.06.2020,erigeron-annuus,boujean-2,"('boujean-2', '09.06.2020')"
09.06.2020,medicago-lupulina,boujean-2,"('boujean-2', '09.06.2020')"
18.06.2020,medicago-lupulina,boujean-2,"('boujean-2', '18.06.2020')"
18.06.2020,arenaria-serpyllifolia,boujean-2,"('boujean-2', '18.06.2020')"
18.06.2020,crepis-capillaris,boujean-2,"('boujean-2', '18.06.2020')"
18.06.2020,clinopodium-acinos,boujean-2,"('boujean-2', '18.06.2020')"
18.06.2020,trifolium-pratense,boujean-3,"('boujean-3', '18.06.2020')"
18.06.2020,crepis-capillaris,boujean-3,"('boujean-3', '18.06.2020')"
18.06.2020,potentilla-reptans,boujean-3,"('boujean-3', '18.06.2020')"
18.06.2020,senecio-inaequidens,boujean-3,"('boujean-3', '18.06.2020')"
18.06.2020,cichorium-intybus,boujean-3,"('boujean-3', '18.06.2020')"
18.06.2020,erigeron-annuus,boujean-3,"('boujean-3', '18.06.2020')"
2020-09-03,lavandula-angustifolia,buren-1,"('buren-1', '2020-09-03')"
2020-09-03,eupatorium-cannabinum,buren-1,"('buren-1', '2020-09-03')"
2020-09-03,cichorium-intybus,buren-1,"('buren-1', '2020-09-03')"
2020-09-03,vicia-sepium,buren-1,"('buren-1', '2020-09-03')"
2020-09-03,trifolium-pratense,buren-1,"('buren-1', '2020-09-03')"
2020-09-03,lotus-corniculatus,buren-1,"('buren-1', '2020-09-03')"
2020-09-03,solidago-canadensis,buren-1,"('buren-1', '2020-09-03')"
2020-09-03,hypericum-perforatum,buren-1,"('buren-1', '2020-09-03')"
2020-09-03,senecio-inaequidens,buren-1,"('buren-1', '2020-09-03')"
2020-09-03,hypericum-perforatum,buren-1,"('buren-1', '2020-09-03')"
2020-09-03,epilobium-dodonaei,buren-1,"('buren-1', '2020-09-03')"
2020-09-03,daucus-carota,buren-1,"('buren-1', '2020-09-03')"
2020-09-03,erigeron-annuus,buren-1,"('buren-1', '2020-09-03')"
2020-09-03,leucanthemum-vulgare,buren-1,"('buren-1', '2020-09-03')"
2020-09-03,centaurea-jacea,buren-1,"('buren-1', '2020-09-03')"
2020-09-03,echium-vulgare,buren-1,"('buren-1', '2020-09-03')"
2020-09-03,galium-mollugo,buren-1,"('buren-1', '2020-09-03')"
2020-09-03,taraxacum-officinale,buren-1,"('buren-1', '2020-09-03')"
2020-09-03,ranunculus-acris,buren-1,"('buren-1', '2020-09-03')"
2020-09-03,clematis-vitalba,buren-1,"('buren-1', '2020-09-03')"
2020-09-03,dianthus-armeria,buren-1,"('buren-1', '2020-09-03')"
2020-09-03,senecio-inaequidens,buren-1,"('buren-1', '2020-09-03')"
2020-09-03,centranthus-ruber,buren-2,"('buren-2', '2020-09-03')"
2020-09-03,cichorium-intybus,buren-2,"('buren-2', '2020-09-03')"
2020-09-03,chelidonium-majus,buren-2,"('buren-2', '2020-09-03')"
2020-09-03,cornus-sanguinea,buren-2,"('buren-2', '2020-09-03')"
2020-09-03,verbena-officinalis,buren-2,"('buren-2', '2020-09-03')"
2020-08-04,potentilla-reptans,buren-2,"('buren-2', '2020-08-04')"
2020-08-04,bryonia-dioica,buren-2,"('buren-2', '2020-08-04')"
2020-08-04,sorbus-aucuparia,buren-2,"('buren-2', '2020-08-04')"
2020-08-04,sambucus-nigra,buren-2,"('buren-2', '2020-08-04')"
2020-08-04,echium-vulgare,buren-2,"('buren-2', '2020-08-04')"
2020-08-04,silene-latifolia,buren-2,"('buren-2', '2020-08-04')"
2020-08-04,cichorium-intybus,buren-2,"('buren-2', '2020-08-04')"
2020-08-04,geranium-robertianum,buren-2,"('buren-2', '2020-08-04')"
2020-08-04,urtica-dioica,buren-2,"('buren-2', '2020-08-04')"
2020-08-04,sambucus-nigra,buren-2,"('buren-2', '2020-08-04')"
2020-08-07,geranium-pyrenaicum,buren-2,"('buren-2', '2020-08-07')"
2020-08-07,melilotus-albus,buren-2,"('buren-2', '2020-08-07')"
2020-08-07,echium-vulgare,buren-2,"('buren-2', '2020-08-07')"
2020-08-07,senecio-inaequidens,buren-2,"('buren-2', '2020-08-07')"
2020-08-07,lavandula-angustifolia,buren-2,"('buren-2', '2020-08-07')"
2020-08-07,trifolium-pratense,buren-2,"('buren-2', '2020-08-07')"
2020-08-07,daucus-carota,buren-2,"('buren-2', '2020-08-07')"
2020-08-07,clematis-vitalba,buren-2,"('buren-2', '2020-08-07')"
2020-08-07,hypericum-perforatum,buren-2,"('buren-2', '2020-08-07')"
2020-08-07,eupatorium-cannabinum,buren-2,"('buren-2', '2020-08-07')"
2020-08-07,solidago-canadensis,buren-2,"('buren-2', '2020-08-07')"
2020-08-07,epilobium-dodonaei,buren-2,"('buren-2', '2020-08-07')"
2020-09-03,cornus-sanguinea,buren-3,"('buren-3', '2020-09-03')"
2020-09-03,rubus-rubus,buren-3,"('buren-3', '2020-09-03')"
2020-09-03,rubus-armeniacus,buren-3,"('buren-3', '2020-09-03')"
2020-09-03,erigeron-annuus,buren-3,"('buren-3', '2020-09-03')"
2020-09-28,knautia-arvensis,cff-lot-1,"('cff-lot-1', '2020-09-28')"
2020-09-28,polygonum-aviculare,cff-lot-1,"('cff-lot-1', '2020-09-28')"
2020-09-28,trifolium-pratense,cff-lot-1,"('cff-lot-1', '2020-09-28')"
2020-09-28,rubus-rubus,cff-lot-1,"('cff-lot-1', '2020-09-28')"
2020-09-28,lamium-maculatum,cff-lot-1,"('cff-lot-1', '2020-09-28')"
2020-09-28,sonchus-oleraceus,cff-lot-1,"('cff-lot-1', '2020-09-28')"
2020-09-28,mentha-spicata,cff-lot-1,"('cff-lot-1', '2020-09-28')"
2020-09-28,galeopsis-tetrahit,cff-lot-1,"('cff-lot-1', '2020-09-28')"
2020-09-28,galium-mollugo,cff-lot-1,"('cff-lot-1', '2020-09-28')"
2020-09-28,cornus-sanguinea,cff-lot-1,"('cff-lot-1', '2020-09-28')"
2020-09-28,urtica-dioica,cff-lot-1,"('cff-lot-1', '2020-09-28')"
2020-09-28,artemisia-vulgaris,cff-lot-1,"('cff-lot-1', '2020-09-28')"
2020-09-28,erigeron-annuus,cff-lot-1,"('cff-lot-1', '2020-09-28')"
2020-09-28,medicago-lupulina,cff-lot-2,"('cff-lot-2', '2020-09-28')"
2020-09-28,parthenocissus-quinquefolia,cff-lot-2,"('cff-lot-2', '2020-09-28')"
2020-09-28,medicago-sativa,cff-lot-2,"('cff-lot-2', '2020-09-28')"
2020-09-28,galium-mollugo,cff-lot-2,"('cff-lot-2', '2020-09-28')"
2020-09-28,malus-sylvestris,cff-lot-2,"('cff-lot-2', '2020-09-28')"
2020-09-28,rubus-rubus,cff-lot-2,"('cff-lot-2', '2020-09-28')"
2020-09-28,eupatorium-cannabinum,cff-lot-2,"('cff-lot-2', '2020-09-28')"
2020-09-28,erigeron-annuus,cff-lot-2,"('cff-lot-2', '2020-09-28')"
2020-09-28,trifolium-pratense,cff-lot-2,"('cff-lot-2', '2020-09-28')"
2020-09-28,solidago-canadensis,cff-lot-2,"('cff-lot-2', '2020-09-28')"
2020-09-11,borkhausenia-intermedia,cff-path-1,"('cff-path-1', '2020-09-11')"
2020-09-11,calystegia-sepium,cff-path-1,"('cff-path-1', '2020-09-11')"
2020-09-11,epilobium-hirsutum,cff-path-1,"('cff-path-1', '2020-09-11')"
2020-09-11,solidago-canadensis,cff-path-1,"('cff-path-1', '2020-09-11')"
2020-09-11,solanum-nigrum,cff-path-1,"('cff-path-1', '2020-09-11')"
2020-09-11,malva-neglecta,cff-path-1,"('cff-path-1', '2020-09-11')"
2020-09-11,urtica-dioica,cff-path-1,"('cff-path-1', '2020-09-11')"
2020-09-11,chenopodium-album,cff-path-1,"('cff-path-1', '2020-09-11')"
2020-09-11,erodium-cicutarium,cff-path-1,"('cff-path-1', '2020-09-11')"
2020-07-28,malva-neglecta,cff-path-2,"('cff-path-2', '2020-07-28')"
2020-07-28,alcea-rosea,cff-path-2,"('cff-path-2', '2020-07-28')"
2020-07-31,arctium-minus,cff-path-2,"('cff-path-2', '2020-07-31')"
2020-07-31,carduus-crispus,cff-path-2,"('cff-path-2', '2020-07-31')"
2020-07-31,carduus-crispus,cff-path-2,"('cff-path-2', '2020-07-31')"
2020-07-31,convolvulus-arvensis,cff-path-2,"('cff-path-2', '2020-07-31')"
2020-07-31,oxalis-dillenii,cff-path-2,"('cff-path-2', '2020-07-31')"
2020-07-31,sambucus-nigra,cff-path-2,"('cff-path-2', '2020-07-31')"
2020-07-31,crataegus-monogyna,cff-path-2,"('cff-path-2', '2020-07-31')"
2020-08-07,epilobium-hirsutum,cff-path-3,"('cff-path-3', '2020-08-07')"
2020-08-07,erigeron-annuus,cff-path-3,"('cff-path-3', '2020-08-07')"
2020-08-07,geranium-pyrenaicum,cff-path-3,"('cff-path-3', '2020-08-07')"
2020-08-07,medicago-lupulina,cff-path-3,"('cff-path-3', '2020-08-07')"
2020-08-07,robinia-pseudoacacia,cff-path-3,"('cff-path-3', '2020-08-07')"
2020-08-07,solanum-nigrum,cff-path-3,"('cff-path-3', '2020-08-07')"
2020-08-07,urtica-dioica,cff-path-3,"('cff-path-3', '2020-08-07')"
2020-09-02,erigeron-annuus,chapelle,"('chapelle', '2020-09-02')"
2020-09-02,centaurea-scabiosa,chapelle,"('chapelle', '2020-09-02')"
2020-09-02,campanula-rotundifolia,chapelle,"('chapelle', '2020-09-02')"
2020-09-02,daucus-carota,chapelle,"('chapelle', '2020-09-02')"
2020-09-02,vicia-cracca,chapelle,"('chapelle', '2020-09-02')"
2020-09-02,mentha-spicata,chapelle,"('chapelle', '2020-09-02')"
2020-09-02,lycopus-europaeus,chapelle,"('chapelle', '2020-09-02')"
2020-09-02,verbascum-thapsus,chapelle,"('chapelle', '2020-09-02')"
2020-09-02,leucanthemum-vulgare,chapelle,"('chapelle', '2020-09-02')"
2020-09-02,geranium-pyrenaicum,chapelle,"('chapelle', '2020-09-02')"
2020-09-02,solidago-canadensis,chapelle,"('chapelle', '2020-09-02')"
2020-09-02,melilotus-albus,chapelle,"('chapelle', '2020-09-02')"
2020-09-02,erigeron-annuus,chapelle,"('chapelle', '2020-09-02')"
2020-09-02,conyza-canadensis,chapelle,"('chapelle', '2020-09-02')"
2020-09-02,medicago-sativa,chapelle,"('chapelle', '2020-09-02')"
2020-09-02,leucanthemum-vulgare,chapelle,"('chapelle', '2020-09-02')"
2020-09-02,trifolium-repens,chapelle,"('chapelle', '2020-09-02')"
2020-09-02,trifolium-pratense,chapelle,"('chapelle', '2020-09-02')"
2020-09-02,lotus-corniculatus,chapelle,"('chapelle', '2020-09-02')"
2020-08-30,trifolium-repens,chemin-de-la-course,"('chemin-de-la-course', '2020-08-30')"
2020-08-30,centaurea-jacea,chemin-de-la-course,"('chemin-de-la-course', '2020-08-30')"
2020-08-30,cichorium-intybus,chemin-de-la-course,"('chemin-de-la-course', '2020-08-30')"
2020-08-30,petrorhagia-saxifraga,chemin-de-la-course,"('chemin-de-la-course', '2020-08-30')"
2020-08-30,achillea-millefolium,chemin-de-la-course,"('chemin-de-la-course', '2020-08-30')"
2020-08-30,cirsium-arvense,chemin-de-la-course,"('chemin-de-la-course', '2020-08-30')"
2020-08-30,conyza-canadensis,chemin-de-la-course,"('chemin-de-la-course', '2020-08-30')"
2020-08-30,centaurea-scabiosa,chemin-de-la-course,"('chemin-de-la-course', '2020-08-30')"
2020-08-30,lotus-corniculatus,chemin-de-la-course,"('chemin-de-la-course', '2020-08-30')"
2020-08-30,cirsium-vulgare,chemin-de-la-course,"('chemin-de-la-course', '2020-08-30')"
2020-08-30,tripleurospermum-maritimum,chemin-de-la-course,"('chemin-de-la-course', '2020-08-30')"
2020-08-30,knautia-arvensis,chemin-de-la-course,"('chemin-de-la-course', '2020-08-30')"
2020-08-30,centaurea-jacea,chemin-de-la-course,"('chemin-de-la-course', '2020-08-30')"
2020-08-30,trifolium-pratense,chemin-de-la-course,"('chemin-de-la-course', '2020-08-30')"
2020-08-30,trifolium-pratense,chemin-de-la-course,"('chemin-de-la-course', '2020-08-30')"
2020-08-30,erigeron-annuus,chemin-de-la-course,"('chemin-de-la-course', '2020-08-30')"
2020-08-30,leucanthemum-vulgare,chemin-de-la-course,"('chemin-de-la-course', '2020-08-30')"
2020-08-30,silene-latifolia,chemin-de-la-course,"('chemin-de-la-course', '2020-08-30')"
2020-08-30,galium-mollugo,chemin-de-la-course,"('chemin-de-la-course', '2020-08-30')"
2020-08-30,medicago-sativa,chemin-de-la-course,"('chemin-de-la-course', '2020-08-30')"
2020-07-28,heracleum-sphondylium,chemin-des-voies,"('chemin-des-voies', '2020-07-28')"
2020-07-28,bryonia-dioica,chemin-des-voies,"('chemin-des-voies', '2020-07-28')"
2020-07-28,geranium-molle,chemin-des-voies,"('chemin-des-voies', '2020-07-28')"
2020-07-28,geum-urbanum,chemin-des-voies,"('chemin-des-voies', '2020-07-28')"
2020-07-28,urtica-dioica,chemin-des-voies,"('chemin-des-voies', '2020-07-28')"
2020-07-28,cornus-sanguinea,chemin-des-voies,"('chemin-des-voies', '2020-07-28')"
2020-07-28,buddleja-davidii,chemin-des-voies,"('chemin-des-voies', '2020-07-28')"
2020-07-28,daucus-carota,chemin-des-voies,"('chemin-des-voies', '2020-07-28')"
2020-07-28,erigeron-annuus,chemin-des-voies,"('chemin-des-voies', '2020-07-28')"
2020-07-28,verbena-officinalis,chemin-des-voies,"('chemin-des-voies', '2020-07-28')"
2020-09-15,lythrum-salicaria,cheyres-path,"('cheyres-path', '2020-09-15')"
2020-09-15,eupatorium-cannabinum,cheyres-path,"('cheyres-path', '2020-09-15')"
2020-09-15,viburnum-opulus,cheyres-path,"('cheyres-path', '2020-09-15')"
2020-09-15,rubus-caesius,cheyres-path,"('cheyres-path', '2020-09-15')"
2020-09-15,calystegia-sepium,cheyres-path,"('cheyres-path', '2020-09-15')"
2020-09-15,stachys-palustris,cheyres-path,"('cheyres-path', '2020-09-15')"
2020-09-15,lycopus-europaeus,cheyres-reserve,"('cheyres-reserve', '2020-09-15')"
2020-09-15,chenopodium-album,cheyres-reserve,"('cheyres-reserve', '2020-09-15')"
2020-09-15,persicaria-maculosa,cheyres-reserve,"('cheyres-reserve', '2020-09-15')"
2020-09-15,persicaria-longiseta,cheyres-reserve,"('cheyres-reserve', '2020-09-15')"
2020-09-15,polygonum-aviculare,cheyres-reserve,"('cheyres-reserve', '2020-09-15')"
2020-09-15,solanum-nigrum,cheyres-reserve,"('cheyres-reserve', '2020-09-15')"
2020-09-15,achillea-ptarmica,cheyres-reserve,"('cheyres-reserve', '2020-09-15')"
04.07.2020,geranium-pratense,college,"('college', '04.07.2020')"
04.07.2020,lotus-corniculatus,college,"('college', '04.07.2020')"
04.07.2020,malva-alcea,college,"('college', '04.07.2020')"
18.06.2020,echium-vulgare,college,"('college', '18.06.2020')"
18.06.2020,sedum-album,college,"('college', '18.06.2020')"
18.06.2020,ligustrum-vulgare,college,"('college', '18.06.2020')"
18.06.2020,urtica-dioica,college,"('college', '18.06.2020')"
18.06.2020,geum-urbanum,college,"('college', '18.06.2020')"
19.09.2020,conyza-canadensis,cygnes,"('cygnes', '19.09.2020')"
19.09.2020,erigeron-annuus,cygnes,"('cygnes', '19.09.2020')"
19.09.2020,medicago-sativa,cygnes,"('cygnes', '19.09.2020')"
19.09.2020,lotus-corniculatus,cygnes,"('cygnes', '19.09.2020')"
19.09.2020,oenothera-biennis,cygnes,"('cygnes', '19.09.2020')"
2020-08-08,anemone-hupehensis,cygnes,"('cygnes', '2020-08-08')"
2020-08-08,cirsium-vulgare,cygnes,"('cygnes', '2020-08-08')"
2020-08-08,daucus-carota,cygnes,"('cygnes', '2020-08-08')"
2020-08-08,hypericum-perforatum,cygnes,"('cygnes', '2020-08-08')"
2020-08-08,medicago-sativa,cygnes,"('cygnes', '2020-08-08')"
2020-08-08,senecio-jacobaea,cygnes,"('cygnes', '2020-08-08')"
2020-08-08,solidago-canadensis,cygnes,"('cygnes', '2020-08-08')"
07.07.2020,artemisia-verlotiorum,cygnes-lot-1,"('cygnes-lot-1', '07.07.2020')"
07.07.2020,carduus-crispus,cygnes-lot-1,"('cygnes-lot-1', '07.07.2020')"
07.07.2020,cirsium-palustre,cygnes-lot-1,"('cygnes-lot-1', '07.07.2020')"
07.07.2020,cirsium-vulgare,cygnes-lot-1,"('cygnes-lot-1', '07.07.2020')"
07.07.2020,linaria-vulgaris,cygnes-lot-1,"('cygnes-lot-1', '07.07.2020')"
07.07.2020,lactuca-serriola,cygnes-lot-1,"('cygnes-lot-1', '07.07.2020')"
07.07.2020,erigeron-annuus,cygnes-lot-1,"('cygnes-lot-1', '07.07.2020')"
07.07.2020,conyza-canadensis,cygnes-lot-1,"('cygnes-lot-1', '07.07.2020')"
07.07.2020,medicago-sativa,cygnes-lot-1,"('cygnes-lot-1', '07.07.2020')"
07.07.2020,lotus-corniculatus,cygnes-lot-1,"('cygnes-lot-1', '07.07.2020')"
08.07.2020,matricaria-chamomilla,cygnes-lot-2,"('cygnes-lot-2', '08.07.2020')"
11.07.2020,daucus-carota,cygnes-lot-2,"('cygnes-lot-2', '11.07.2020')"
11.07.2020,melilotus-officinalis,cygnes-lot-2,"('cygnes-lot-2', '11.07.2020')"
11.07.2020,lotus-corniculatus,cygnes-lot-2,"('cygnes-lot-2', '11.07.2020')"
11.07.2020,conyza-canadensis,cygnes-lot-2,"('cygnes-lot-2', '11.07.2020')"
11.07.2020,erigeron-annuus,cygnes-lot-2,"('cygnes-lot-2', '11.07.2020')"
11.07.2020,populus-alba,cygnes-lot-2,"('cygnes-lot-2', '11.07.2020')"
11.07.2020,lactuca-serriola,cygnes-lot-2,"('cygnes-lot-2', '11.07.2020')"
07.07.2020,solidago-canadensis,cygnes-lot-3,"('cygnes-lot-3', '07.07.2020')"
11.07.2020,malva-sylvestris,cygnes-lot-3,"('cygnes-lot-3', '11.07.2020')"
11.07.2020,oenothera-biennis,cygnes-lot-3,"('cygnes-lot-3', '11.07.2020')"
11.07.2020,buddleja-davidii,cygnes-lot-3,"('cygnes-lot-3', '11.07.2020')"
11.07.2020,hypericum-perforatum,cygnes-lot-3,"('cygnes-lot-3', '11.07.2020')"
11.07.2020,pastinaca-sativa,cygnes-lot-3,"('cygnes-lot-3', '11.07.2020')"
09.07.2020,verbascum-densiflorum,cygnes-lot-4,"('cygnes-lot-4', '09.07.2020')"
2020-09-20,senecio-inaequidens,cygnes-lot-5,"('cygnes-lot-5', '2020-09-20')"
2020-09-20,diplotaxis-tenuifolia,cygnes-lot-5,"('cygnes-lot-5', '2020-09-20')"
11.07.2020,papaver-rhoeas,cygnes-lot-6,"('cygnes-lot-6', '11.07.2020')"
2020-08-30,solidago-canadensis,cygnes-lot-7,"('cygnes-lot-7', '2020-08-30')"
2020-08-30,packera-aurea,cygnes-lot-7,"('cygnes-lot-7', '2020-08-30')"
2020-08-30,populus-alba,cygnes-lot-7,"('cygnes-lot-7', '2020-08-30')"
2020-08-30,medicago-lupulina,cygnes-lot-7,"('cygnes-lot-7', '2020-08-30')"
2020-08-30,buddleja-davidii,cygnes-lot-7,"('cygnes-lot-7', '2020-08-30')"
2020-08-30,artemisia-vulgaris,cygnes-lot-7,"('cygnes-lot-7', '2020-08-30')"
2020-08-30,lotus-corniculatus,cygnes-lot-7,"('cygnes-lot-7', '2020-08-30')"
2020-08-30,conyza-canadensis,cygnes-lot-7,"('cygnes-lot-7', '2020-08-30')"
2020-08-30,erigeron-annuus,cygnes-lot-7,"('cygnes-lot-7', '2020-08-30')"
2020-08-30,chenopodium-album,cygnes-lot-7,"('cygnes-lot-7', '2020-08-30')"
2020-08-30,artemisia-vulgaris,cygnes-lot-8,"('cygnes-lot-8', '2020-08-30')"
2020-08-30,rosa-canina,cygnes-lot-8,"('cygnes-lot-8', '2020-08-30')"
2020-08-30,oenothera-biennis,cygnes-lot-8,"('cygnes-lot-8', '2020-08-30')"
2020-08-30,medicago-sativa,cygnes-lot-8,"('cygnes-lot-8', '2020-08-30')"
2020-08-30,medicago-lupulina,cygnes-lot-8,"('cygnes-lot-8', '2020-08-30')"
2020-08-30,hypericum-perforatum,cygnes-lot-8,"('cygnes-lot-8', '2020-08-30')"
2020-08-30,verbena-officinalis,cygnes-lot-8,"('cygnes-lot-8', '2020-08-30')"
2020-08-30,silene-vulgaris,cygnes-lot-8,"('cygnes-lot-8', '2020-08-30')"
2020-08-30,cirsium-arvense,cygnes-lot-8,"('cygnes-lot-8', '2020-08-30')"
2020-08-30,daucus-carota,cygnes-lot-8,"('cygnes-lot-8', '2020-08-30')"
2020-08-30,lotus-corniculatus,cygnes-lot-8,"('cygnes-lot-8', '2020-08-30')"
2020-08-30,trifolium-pratense,cygnes-lot-8,"('cygnes-lot-8', '2020-08-30')"
2020-08-30,pastinaca-sativa,cygnes-lot-8,"('cygnes-lot-8', '2020-08-30')"
2020-08-30,echium-vulgare,cygnes-lot-8,"('cygnes-lot-8', '2020-08-30')"
2020-08-30,senecio-inaequidens,cygnes-lot-8,"('cygnes-lot-8', '2020-08-30')"
24.07.2020,cornus-sanguinea,cygnes-lot-8,"('cygnes-lot-8', '24.07.2020')"
24.07.2020,crataegus-monogyna,cygnes-lot-8,"('cygnes-lot-8', '24.07.2020')"
24.07.2020,oenothera-biennis,cygnes-lot-8,"('cygnes-lot-8', '24.07.2020')"
2020-08-03,cymbalaria-muralis,dam,"('dam', '2020-08-03')"
2020-08-03,eupatorium-cannabinum,dam,"('dam', '2020-08-03')"
16.06.2020,campanula-rotundifolia,energie-1,"('energie-1', '16.06.2020')"
16.06.2020,galium-mollugo,energie-1,"('energie-1', '16.06.2020')"
16.06.2020,silene-vulgaris,energie-1,"('energie-1', '16.06.2020')"
16.06.2020,convolvulus-arvensis,energie-1,"('energie-1', '16.06.2020')"
16.06.2020,achillea-millefolium,energie-1,"('energie-1', '16.06.2020')"
16.06.2020,knautia-arvensis,energie-1,"('energie-1', '16.06.2020')"
16.06.2020,polygonum-aviculare,energie-1,"('energie-1', '16.06.2020')"
2020-08-03,seseli-libanotis,energie-1,"('energie-1', '2020-08-03')"
2020-08-03,campanula-rotundifolia,energie-1,"('energie-1', '2020-08-03')"
2020-08-03,clematis-vitalba,energie-2,"('energie-2', '2020-08-03')"
2020-08-03,hypericum-perforatum,energie-2,"('energie-2', '2020-08-03')"
2020-08-03,eupatorium-cannabinum,energie-2,"('energie-2', '2020-08-03')"
2020-08-03,lactuca-serriola,energie-2,"('energie-2', '2020-08-03')"
06.06.2020,reseda-lutea,energie-3,"('energie-3', '06.06.2020')"
06.06.2020,silene-vulgaris,energie-3,"('energie-3', '06.06.2020')"
06.06.2020,lactuca-serriola,energie-3,"('energie-3', '06.06.2020')"
03.07.2020,epilobium-hirsutum,football-1,"('football-1', '03.07.2020')"
03.07.2020,eupatorium-cannabinum,football-1,"('football-1', '03.07.2020')"
03.07.2020,solanum-dulcamara,football-1,"('football-1', '03.07.2020')"
03.07.2020,stachys-palustris,football-1,"('football-1', '03.07.2020')"
03.07.2020,veronica-persica,football-1,"('football-1', '03.07.2020')"
2020-08-04,geranium-robertianum,football-1,"('football-1', '2020-08-04')"
2020-08-04,eupatorium-cannabinum,football-1,"('football-1', '2020-08-04')"
2020-08-04,cirsium-oleraceum,football-1,"('football-1', '2020-08-04')"
03.07.2020,clematis-vitalba,football-2,"('football-2', '03.07.2020')"
03.07.2020,lotus-corniculatus,football-2,"('football-2', '03.07.2020')"
03.07.2020,geum-urbanum,football-2,"('football-2', '03.07.2020')"
2020-08-04,viburnum-opulus,football-2,"('football-2', '2020-08-04')"
2020-08-04,angelica-sylvestris,football-2,"('football-2', '2020-08-04')"
2020-08-04,cirsium-arvense,football-2,"('football-2', '2020-08-04')"
2020-08-04,origanum-vulgare,football-2,"('football-2', '2020-08-04')"
03.07.2020,lotus-corniculatus,football-3,"('football-3', '03.07.2020')"
03.07.2020,senecio-jacobaea,football-3,"('football-3', '03.07.2020')"
03.07.2020,sedum-sexangulare,football-3,"('football-3', '03.07.2020')"
03.07.2020,centaurea-jacea,football-3,"('football-3', '03.07.2020')"
03.07.2020,origanum-vulgare,football-4,"('football-4', '03.07.2020')"
03.07.2020,cichorium-intybus,football-5,"('football-5', '03.07.2020')"
03.07.2020,pastinaca-sativa,football-5,"('football-5', '03.07.2020')"
2020-08-03,dipsacus-fullonum,football-6,"('football-6', '2020-08-03')"
2020-08-03,erigeron-annuus,football-6,"('football-6', '2020-08-03')"
2020-08-03,pastinaca-sativa,football-6,"('football-6', '2020-08-03')"
2020-08-03,alnus-glutinosa,football-6,"('football-6', '2020-08-03')"
2020-08-03,senecio-jacobaea,football-6,"('football-6', '2020-08-03')"
2020-08-03,origanum-vulgare,football-6,"('football-6', '2020-08-03')"
08.07.2020,campanula-rotundifolia,frinvillier-fabrique-1,"('frinvillier-fabrique-1', '08.07.2020')"
08.07.2020,prenanthes-purpurea,frinvillier-fabrique-2,"('frinvillier-fabrique-2', '08.07.2020')"
08.07.2020,rubus-fruticosus,frinvillier-fabrique-2,"('frinvillier-fabrique-2', '08.07.2020')"
08.07.2020,campanula-scheuchzeri,frinvillier-fabrique-3,"('frinvillier-fabrique-3', '08.07.2020')"
08.07.2020,campanula-trachelium,frinvillier-fabrique-3,"('frinvillier-fabrique-3', '08.07.2020')"
08.07.2020,filipendula-ulmaria,frinvillier-fabrique-4,"('frinvillier-fabrique-4', '08.07.2020')"
08.07.2020,eupatorium-cannabinum,frinvillier-fabrique-4,"('frinvillier-fabrique-4', '08.07.2020')"
08.07.2020,knautia-dipsacifolia,frinvillier-fabrique-1,"('frinvillier-fabrique-1', '08.07.2020')"
08.07.2020,verbascum-lychnitis,frinvillier-fabrique-1,"('frinvillier-fabrique-1', '08.07.2020')"
08.07.2020,verbascum-nigrum,frinvillier-fabrique-1,"('frinvillier-fabrique-1', '08.07.2020')"
08.07.2020,hypericum-perforatum,frinvillier-fabrique-2,"('frinvillier-fabrique-2', '08.07.2020')"
08.07.2020,melilotus-officinalis,frinvillier-fabrique-2,"('frinvillier-fabrique-2', '08.07.2020')"
08.07.2020,rubus-idaeus,frinvillier-fabrique-2,"('frinvillier-fabrique-2', '08.07.2020')"
08.07.2020,senecio-jacobaea,frinvillier-fabrique-4,"('frinvillier-fabrique-4', '08.07.2020')"
08.07.2020,verbascum-nigrum,frinvillier-fabrique-4,"('frinvillier-fabrique-4', '08.07.2020')"
08.07.2020,erigeron-annuus,frinvillier-fabrique-4,"('frinvillier-fabrique-4', '08.07.2020')"
2020-09-22,ranunculus-acris,frinvillier-ramp,"('frinvillier-ramp', '2020-09-22')"
2020-09-22,lactuca-muralis,frinvillier-ramp,"('frinvillier-ramp', '2020-09-22')"
2020-09-22,lactuca-serriola,frinvillier-ramp,"('frinvillier-ramp', '2020-09-22')"
2020-09-22,solidago-virgaurea,frinvillier-ramp,"('frinvillier-ramp', '2020-09-22')"
2020-08-07,rubus-caesius,gottstatt-1,"('gottstatt-1', '2020-08-07')"
2020-08-07,rumex-obtusifolius,gottstatt-1,"('gottstatt-1', '2020-08-07')"
2020-08-07,trifolium-pratense,gottstatt-1,"('gottstatt-1', '2020-08-07')"
2020-08-07,cichorium-intybus,gottstatt-1,"('gottstatt-1', '2020-08-07')"
2020-08-07,daucus-carota,gottstatt-1,"('gottstatt-1', '2020-08-07')"
2020-08-07,lamium-maculatum,gottstatt-1,"('gottstatt-1', '2020-08-07')"
2020-08-07,chaerophyllum-aureum,gottstatt-1,"('gottstatt-1', '2020-08-07')"
2020-08-07,galium-mollugo,gottstatt-1,"('gottstatt-1', '2020-08-07')"
2020-08-07,centaurea-jacea,gottstatt-1,"('gottstatt-1', '2020-08-07')"
2020-08-07,silene-vulgaris,gottstatt-1,"('gottstatt-1', '2020-08-07')"
2020-08-07,medicago-sativa,gottstatt-1,"('gottstatt-1', '2020-08-07')"
2020-08-07,erigeron-annuus,gottstatt-1,"('gottstatt-1', '2020-08-07')"
2020-08-07,calystegia-sepium,gottstatt-1,"('gottstatt-1', '2020-08-07')"
2020-08-07,lotus-corniculatus,gottstatt-1,"('gottstatt-1', '2020-08-07')"
2020-08-07,arctium-lappa,gottstatt-1,"('gottstatt-1', '2020-08-07')"
2020-08-16,galium-mollugo,gottstatt-2,"('gottstatt-2', '2020-08-16')"
2020-08-16,daucus-carota,gottstatt-2,"('gottstatt-2', '2020-08-16')"
2020-08-16,rumex-obtusifolius,gottstatt-2,"('gottstatt-2', '2020-08-16')"
2020-08-16,lotus-corniculatus,gottstatt-2,"('gottstatt-2', '2020-08-16')"
2020-08-16,medicago-sativa,gottstatt-2,"('gottstatt-2', '2020-08-16')"
2020-08-16,knautia-arvensis,gottstatt-2,"('gottstatt-2', '2020-08-16')"
2020-08-16,acer-pseudoplatanus,gottstatt-2,"('gottstatt-2', '2020-08-16')"
2020-08-24,achillea-millefolium,gottstatt-3,"('gottstatt-3', '2020-08-24')"
2020-08-24,cirsium-arvense,gottstatt-3,"('gottstatt-3', '2020-08-24')"
2020-08-24,daucus-carota,gottstatt-3,"('gottstatt-3', '2020-08-24')"
2020-08-24,erigeron-annuus,gottstatt-3,"('gottstatt-3', '2020-08-24')"
2020-08-24,galium-mollugo,gottstatt-3,"('gottstatt-3', '2020-08-24')"
2020-08-24,lotus-corniculatus,gottstatt-3,"('gottstatt-3', '2020-08-24')"
2020-08-24,malva-moschata,gottstatt-3,"('gottstatt-3', '2020-08-24')"
2020-08-24,plantago-media,gottstatt-3,"('gottstatt-3', '2020-08-24')"
2020-08-24,rumex-obtusifolius,gottstatt-3,"('gottstatt-3', '2020-08-24')"
2020-08-24,silene-vulgaris,gottstatt-3,"('gottstatt-3', '2020-08-24')"
2020-08-24,solanum-dulcamara,gottstatt-3,"('gottstatt-3', '2020-08-24')"
2020-08-24,solidago-canadensis,gottstatt-3,"('gottstatt-3', '2020-08-24')"
2020-08-24,trifolium-pratense,gottstatt-3,"('gottstatt-3', '2020-08-24')"
2020-08-24,vicia-cracca,gottstatt-3,"('gottstatt-3', '2020-08-24')"
2020-08-24,verbena-officinalis,gottstatt-3,"('gottstatt-3', '2020-08-24')"
2020-09-01,reseda-lutea,hayek-1,"('hayek-1', '2020-09-01')"
2020-09-01,cosmos-bipinnatus,hayek-1,"('hayek-1', '2020-09-01')"
2020-09-01,symphytum-officinale,hayek-1,"('hayek-1', '2020-09-01')"
2020-09-01,medicago-sativa,hayek-1,"('hayek-1', '2020-09-01')"
2020-07-28,senecio-inaequidens,jura-1,"('jura-1', '2020-07-28')"
2020-08-08,dianthus-carthusianorum,jura-1,"('jura-1', '2020-08-08')"
2020-08-08,eupatorium-cannabinum,jura-1,"('jura-1', '2020-08-08')"
2020-08-08,knautia-arvensis,jura-1,"('jura-1', '2020-08-08')"
2020-08-08,origanum-vulgare,jura-1,"('jura-1', '2020-08-08')"
09.07.2020,verbascum-nigrum,jura-2,"('jura-2', '09.07.2020')"
20.06.2020,onobrychis-viciifolia,jura-2,"('jura-2', '20.06.2020')"
20.06.2020,securigera-varia,jura-2,"('jura-2', '20.06.2020')"
28.06.2020,chelidonium-majus,jura-2,"('jura-2', '28.06.2020')"
28.06.2020,malva-alcea,jura-2,"('jura-2', '28.06.2020')"
28.06.2020,silene-vulgaris,jura-2,"('jura-2', '28.06.2020')"
28.06.2020,reseda-lutea,jura-2,"('jura-2', '28.06.2020')"
28.06.2020,echium-vulgare,jura-2,"('jura-2', '28.06.2020')"
28.06.2020,calystegia-sepium,jura-2,"('jura-2', '28.06.2020')"
28.06.2020,geum-urbanum,jura-2,"('jura-2', '28.06.2020')"
12.07.2020,malva-alcea,lezard-1,"('lezard-1', '12.07.2020')"
2020-08-04,galeopsis-tetrahit,lezard-1,"('lezard-1', '2020-08-04')"
2020-08-04,linaria-vulgaris,lezard-1,"('lezard-1', '2020-08-04')"
2020-08-04,cornus-sanguinea,lezard-1,"('lezard-1', '2020-08-04')"
2020-08-04,malva-alcea,lezard-1,"('lezard-1', '2020-08-04')"
2020-07-29,sedum-album,ligerz-favorite,"('ligerz-favorite', '2020-07-29')"
2020-07-29,crepis-capillaris,ligerz-favorite,"('ligerz-favorite', '2020-07-29')"
2020-07-27,bellis-perennis,lucherz-bureli,"('lucherz-bureli', '2020-07-27')"
2020-07-27,filipendula-ulmaria,lucherz-bureli,"('lucherz-bureli', '2020-07-27')"
2020-07-27,ranunculus-acris,lucherz-bureli,"('lucherz-bureli', '2020-07-27')"
2020-07-27,circaea-lutetiana,lucherz-seestrasse,"('lucherz-seestrasse', '2020-07-27')"
2020-07-27,filipendula-ulmaria,lucherz-seestrasse,"('lucherz-seestrasse', '2020-07-27')"
2020-07-27,chaerophyllum-temulum,lucherz-seestrasse,"('lucherz-seestrasse', '2020-07-27')"
2020-07-27,lythrum-salicaria,lucherz-seestrasse,"('lucherz-seestrasse', '2020-07-27')"
2020-07-27,knautia-dipsacifolia,lucherz-seestrasse,"('lucherz-seestrasse', '2020-07-27')"
2020-07-27,viburnum-lantana,lucherz-seestrasse,"('lucherz-seestrasse', '2020-07-27')"
2020-07-27,galium-mollugo,lucherz-seestrasse,"('lucherz-seestrasse', '2020-07-27')"
2020-07-27,heracleum-sphondylium,lucherz-seestrasse,"('lucherz-seestrasse', '2020-07-27')"
2020-07-27,urtica-dioica,lucherz-seestrasse,"('lucherz-seestrasse', '2020-07-27')"
2020-09-17,trifolium-pratense,orvin-petit-moulin,"('orvin-petit-moulin', '2020-09-17')"
2020-09-17,knautia-arvensis,orvin-petit-moulin,"('orvin-petit-moulin', '2020-09-17')"
2020-09-17,trifolium-dubium,orvin-petit-moulin,"('orvin-petit-moulin', '2020-09-17')"
2020-09-17,galeopsis-tetrahit,orvin-petit-moulin,"('orvin-petit-moulin', '2020-09-17')"
2020-09-17,rubus-caesius,orvin-petit-moulin,"('orvin-petit-moulin', '2020-09-17')"
2020-09-17,prunus-spinosa,orvin-petit-moulin,"('orvin-petit-moulin', '2020-09-17')"
2020-09-22,echium-vulgare,pery-taubenlochweg,"('pery-taubenlochweg', '2020-09-22')"
2020-09-22,centaurea-jacea,pery-taubenlochweg,"('pery-taubenlochweg', '2020-09-22')"
2020-09-22,galium-mollugo,pery-taubenlochweg,"('pery-taubenlochweg', '2020-09-22')"
2020-09-22,medicago-sativa,pery-taubenlochweg,"('pery-taubenlochweg', '2020-09-22')"
2020-09-22,silene-vulgaris,pery-taubenlochweg,"('pery-taubenlochweg', '2020-09-22')"
2020-09-22,verbascum-nigrum,pery-taubenlochweg,"('pery-taubenlochweg', '2020-09-22')"
2020-09-25,silene-dioica,pieterlen-stockweg,"('pieterlen-stockweg', '2020-09-25')"
2020-09-23,conyza-canadensis,reichenbach,"('reichenbach', '2020-09-23')"
2020-09-23,cirsium-oleraceum,reichenbach,"('reichenbach', '2020-09-23')"
2020-09-23,reynoutria-japonica,reichenbach,"('reichenbach', '2020-09-23')"
2020-09-23,pilosella-aurantiaca,reichenbach,"('reichenbach', '2020-09-23')"
2020-09-23,eupatorium-cannabinum,reichenbach,"('reichenbach', '2020-09-23')"
2020-09-23,rubus-caesius,reichenbach,"('reichenbach', '2020-09-23')"
2020-09-23,mentha-aquatica,reichenbach,"('reichenbach', '2020-09-23')"
2020-09-23,cirsium-arvense,reichenbach,"('reichenbach', '2020-09-23')"
2020-09-23,tragopogon-pratensis,reichenbach,"('reichenbach', '2020-09-23')"
2020-09-22,geranium-pyrenaicum,rondchatel,"('rondchatel', '2020-09-22')"
2020-09-22,achillea-millefolium,rondchatel,"('rondchatel', '2020-09-22')"
2020-09-22,picris-hieracioides,rondchatel,"('rondchatel', '2020-09-22')"
2020-09-22,urtica-dioica,rondchatel,"('rondchatel', '2020-09-22')"
2020-09-22,solidago-canadensis,rondchatel,"('rondchatel', '2020-09-22')"
2020-09-22,calystegia-sepium,rondchatel,"('rondchatel', '2020-09-22')"
2020-09-22,lamium-maculatum,rondchatel,"('rondchatel', '2020-09-22')"
2020-09-22,erigeron-annuus,rondchatel,"('rondchatel', '2020-09-22')"
2020-08-11,urtica-dioica,rue-alfred-aebi,"('rue-alfred-aebi', '2020-08-11')"
2020-08-11,ligustrum-sinense,rue-alfred-aebi,"('rue-alfred-aebi', '2020-08-11')"
2020-08-11,symphoricarpos-albus,rue-alfred-aebi,"('rue-alfred-aebi', '2020-08-11')"
2020-08-11,acer-pseudoplatanus,rue-alfred-aebi,"('rue-alfred-aebi', '2020-08-11')"
2020-08-11,corylus-avellana,rue-alfred-aebi,"('rue-alfred-aebi', '2020-08-11')"
2020-08-11,acer-pseudoplatanus,rue-alfred-aebi,"('rue-alfred-aebi', '2020-08-11')"
2020-08-11,sambucus-nigra,rue-alfred-aebi,"('rue-alfred-aebi', '2020-08-11')"
2020-08-12,viburnum-rhytidophyllum,rue-alfred-aebi,"('rue-alfred-aebi', '2020-08-12')"
11.07.2020,lathyrus-latifolius,rue-centrale,"('rue-centrale', '11.07.2020')"
11.07.2020,malva-moschata,rue-centrale,"('rue-centrale', '11.07.2020')"
11.07.2020,stachys-byzantina,rue-centrale,"('rue-centrale', '11.07.2020')"
11.07.2020,dianthus-armeria,rue-centrale,"('rue-centrale', '11.07.2020')"
11.07.2020,rubus-caesius,rue-centrale,"('rue-centrale', '11.07.2020')"
2020-08-23,achillea-millefolium,rue-de-leau-1,"('rue-de-leau-1', '2020-08-23')"
2020-08-23,buddleja-davidii,rue-de-leau-1,"('rue-de-leau-1', '2020-08-23')"
2020-08-23,daucus-carota,rue-de-leau-1,"('rue-de-leau-1', '2020-08-23')"
2020-08-23,solanum-nigrum,rue-de-leau-1,"('rue-de-leau-1', '2020-08-23')"
2020-08-23,stachys-recta,rue-de-leau-1,"('rue-de-leau-1', '2020-08-23')"
2020-08-23,centaurea-scabiosa,rue-de-leau-1,"('rue-de-leau-1', '2020-08-23')"
2020-08-23,lotus-corniculatus,rue-de-leau-1,"('rue-de-leau-1', '2020-08-23')"
2020-08-23,hypericum-perforatum,rue-de-leau-1,"('rue-de-leau-1', '2020-08-23')"
2020-08-23,oenothera-biennis,rue-de-leau-1,"('rue-de-leau-1', '2020-08-23')"
2020-08-23,centaurea-jacea,rue-de-leau-1,"('rue-de-leau-1', '2020-08-23')"
2020-08-23,centaurea-jacea,rue-de-leau-1,"('rue-de-leau-1', '2020-08-23')"
2020-08-23,trifolium-pratense,rue-de-leau-1,"('rue-de-leau-1', '2020-08-23')"
2020-08-23,melilotus-albus,rue-de-leau-1,"('rue-de-leau-1', '2020-08-23')"
2020-08-23,conyza-canadensis,rue-de-leau-1,"('rue-de-leau-1', '2020-08-23')"
2020-08-01,brassica-napus,rue-de-leau-2,"('rue-de-leau-2', '2020-08-01')"
2020-08-03,crepis-capillaris,rue-de-leau-2,"('rue-de-leau-2', '2020-08-03')"
2020-08-03,silene-vulgaris,rue-de-leau-2,"('rue-de-leau-2', '2020-08-03')"
2020-08-03,picris-hieracioides,rue-de-leau-2,"('rue-de-leau-2', '2020-08-03')"
2020-08-01,oenothera-biennis,rue-de-leau-3,"('rue-de-leau-3', '2020-08-01')"
2020-08-01,silene-vulgaris,rue-de-leau-3,"('rue-de-leau-3', '2020-08-01')"
2020-08-01,silene-latifolia,rue-de-leau-3,"('rue-de-leau-3', '2020-08-01')"
2020-08-01,reseda-lutea,rue-de-leau-3,"('rue-de-leau-3', '2020-08-01')"
2020-08-01,centaurea-scabiosa,rue-de-leau-3,"('rue-de-leau-3', '2020-08-01')"
2020-08-01,tragopogon-pratensis,rue-de-leau-3,"('rue-de-leau-3', '2020-08-01')"
2020-08-01,daucus-carota,rue-de-leau-3,"('rue-de-leau-3', '2020-08-01')"
2020-08-17,galium-mollugo,rue-de-leau-4,"('rue-de-leau-4', '2020-08-17')"
2020-08-17,conyza-canadensis,rue-de-leau-4,"('rue-de-leau-4', '2020-08-17')"
2020-08-17,lotus-corniculatus,rue-de-leau-4,"('rue-de-leau-4', '2020-08-17')"
2020-08-17,rumex-obtusifolius,rue-de-leau-4,"('rue-de-leau-4', '2020-08-17')"
2020-08-17,trifolium-pratense,rue-de-leau-4,"('rue-de-leau-4', '2020-08-17')"
2020-08-17,daucus-carota,rue-de-leau-4,"('rue-de-leau-4', '2020-08-17')"
2020-08-17,silene-vulgaris,rue-de-leau-4,"('rue-de-leau-4', '2020-08-17')"
2020-08-17,achillea-millefolium,rue-de-leau-4,"('rue-de-leau-4', '2020-08-17')"
2020-08-17,melilotus-albus,rue-de-leau-4,"('rue-de-leau-4', '2020-08-17')"
2020-08-17,stachys-recta,rue-de-leau-4,"('rue-de-leau-4', '2020-08-17')"
2020-08-17,centaurea-scabiosa,rue-de-leau-4,"('rue-de-leau-4', '2020-08-17')"
2020-08-17,centaurea-jacea,rue-de-leau-4,"('rue-de-leau-4', '2020-08-17')"
2020-08-18,prunella-grandiflora,rue-de-leau-5,"('rue-de-leau-5', '2020-08-18')"
2020-08-18,eupatorium-serotinum,rue-de-leau-5,"('rue-de-leau-5', '2020-08-18')"
2020-08-18,leucanthemum-vulgare,rue-de-leau-5,"('rue-de-leau-5', '2020-08-18')"
2020-08-18,lotus-corniculatus,rue-de-leau-5,"('rue-de-leau-5', '2020-08-18')"
2020-08-18,daucus-carota,rue-de-leau-5,"('rue-de-leau-5', '2020-08-18')"
2020-08-18,trifolium-pratense,rue-de-leau-5,"('rue-de-leau-5', '2020-08-18')"
2020-08-18,silene-vulgaris,rue-de-leau-5,"('rue-de-leau-5', '2020-08-18')"
2020-08-18,achillea-millefolium,rue-de-leau-5,"('rue-de-leau-5', '2020-08-18')"
2020-08-20,myosoton-aquaticum,saint-ursanne-falls,"('saint-ursanne-falls', '2020-08-20')"
2020-08-20,impatiens-glandulifera,saint-ursanne-falls,"('saint-ursanne-falls', '2020-08-20')"
2020-08-15,mentha-spicata,salome-1,"('salome-1', '2020-08-15')"
2020-08-15,artemisia-vulgaris,salome-1,"('salome-1', '2020-08-15')"
2020-08-15,populus-alba,salome-1,"('salome-1', '2020-08-15')"
2020-08-15,alnus-glutinosa,salome-1,"('salome-1', '2020-08-15')"
2020-08-15,salix-alba,salome-1,"('salome-1', '2020-08-15')"
2020-08-15,salix-purpurea,salome-1,"('salome-1', '2020-08-15')"
2020-08-15,sambucus-nigra,salome-1,"('salome-1', '2020-08-15')"
2020-08-15,crataegus-monogyna,salome-1,"('salome-1', '2020-08-15')"
05.06.2020,galium-mollugo,salome-2,"('salome-2', '05.06.2020')"
23.07.2020,echium-vulgare,salome-2,"('salome-2', '23.07.2020')"
24.07.2020,sedum-sexangulare,salome-2,"('salome-2', '24.07.2020')"
24.07.2020,sedum-album,salome-2,"('salome-2', '24.07.2020')"
05.06.2020,senecio-inaequidens,salome-3,"('salome-3', '05.06.2020')"
05.06.2020,sedum-album,salome-3,"('salome-3', '05.06.2020')"
03.06.2020,galium-album,salome-4,"('salome-4', '03.06.2020')"
03.06.2020,sedum-album,salome-4,"('salome-4', '03.06.2020')"
24.06.2020,cirsium-palustre,salome-5,"('salome-5', '24.06.2020')"
24.06.2020,erigeron-annuus,salome-5,"('salome-5', '24.06.2020')"
24.06.2020,sisymbrium-officinale,salome-5,"('salome-5', '24.06.2020')"
24.06.2020,urtica-dioica,salome-5,"('salome-5', '24.06.2020')"
24.06.2020,galium-mollugo,salome-5,"('salome-5', '24.06.2020')"
24.06.2020,mentha-spicata,salome-5,"('salome-5', '24.06.2020')"
24.06.2020,oenothera-biennis,salome-5,"('salome-5', '24.06.2020')"
24.06.2020,geranium-pyrenaicum,salome-5,"('salome-5', '24.06.2020')"
24.06.2020,hypericum-maculatum,salome-5,"('salome-5', '24.06.2020')"
24.06.2020,medicago-sativa,salome-5,"('salome-5', '24.06.2020')"
04.07.2020,dipsacus-fullonum,schlosslifeld-1,"('schlosslifeld-1', '04.07.2020')"
04.07.2020,cichorium-intybus,schlosslifeld-1,"('schlosslifeld-1', '04.07.2020')"
04.07.2020,echium-vulgare,schlosslifeld-1,"('schlosslifeld-1', '04.07.2020')"
04.07.2020,potentilla-reptans,schlosslifeld-2,"('schlosslifeld-2', '04.07.2020')"
04.07.2020,echium-vulgare,schlosslifeld-2,"('schlosslifeld-2', '04.07.2020')"
04.07.2020,silene-latifolia,schlosslifeld-2,"('schlosslifeld-2', '04.07.2020')"
04.07.2020,cichorium-intybus,schlosslifeld-2,"('schlosslifeld-2', '04.07.2020')"
04.07.2020,malva-alcea,schlosslifeld-2,"('schlosslifeld-2', '04.07.2020')"
2020-08-19,galeopsis-tetrahit,schlosslifeld-2,"('schlosslifeld-2', '2020-08-19')"
2020-08-19,silene-latifolia,schlosslifeld-2,"('schlosslifeld-2', '2020-08-19')"
2020-08-19,polygonum-aviculare,schlosslifeld-2,"('schlosslifeld-2', '2020-08-19')"
2020-08-19,echium-vulgare,schlosslifeld-2,"('schlosslifeld-2', '2020-08-19')"
2020-08-19,chaenorhinum-minus,schlosslifeld-2,"('schlosslifeld-2', '2020-08-19')"
2020-08-19,geranium-pusillum,schlosslifeld-2,"('schlosslifeld-2', '2020-08-19')"
2020-08-19,acer-pseudoplatanus,schlosslifeld-2,"('schlosslifeld-2', '2020-08-19')"
2020-08-19,dianthus-armeria,schlosslifeld-2,"('schlosslifeld-2', '2020-08-19')"
04.07.2020,filipendula-ulmaria,schlosslifeld-3,"('schlosslifeld-3', '04.07.2020')"
04.07.2020,echium-vulgare,schlosslifeld-3,"('schlosslifeld-3', '04.07.2020')"
04.07.2020,melilotus-albus,schlosslifeld-3,"('schlosslifeld-3', '04.07.2020')"
04.07.2020,ranunculus-acris,schlosslifeld-3,"('schlosslifeld-3', '04.07.2020')"
04.07.2020,tragopogon-pratensis,schlosslifeld-3,"('schlosslifeld-3', '04.07.2020')"
07.07.2020,malva-alcea,schlosslifeld-3,"('schlosslifeld-3', '07.07.2020')"
04.07.2020,malva-sylvestris,schlosslifeld-3,"('schlosslifeld-3', '04.07.2020')"
18.06.2020,alcea-rosea,schlosslistrasse,"('schlosslistrasse', '18.06.2020')"
18.06.2020,geranium-molle,schlosslistrasse,"('schlosslistrasse', '18.06.2020')"
18.06.2020,achillea-millefolium,schlosslistrasse,"('schlosslistrasse', '18.06.2020')"
18.06.2020,senecio-inaequidens,schlosslistrasse,"('schlosslistrasse', '18.06.2020')"
18.06.2020,daucus-carota,schlosslistrasse,"('schlosslistrasse', '18.06.2020')"
18.06.2020,lepidium-virginicum,schlosslistrasse,"('schlosslistrasse', '18.06.2020')"
10.07.2020,daucus-carota,schussinsel-3,"('schussinsel-3', '10.07.2020')"
10.07.2020,convolvulus-arvensis,schussinsel-1,"('schussinsel-1', '10.07.2020')"
10.07.2020,lactuca-serriola,schussinsel-2,"('schussinsel-2', '10.07.2020')"
10.07.2020,tragopogon-pratensis,schussinsel-2,"('schussinsel-2', '10.07.2020')"
10.07.2020,oenothera-biennis,schussinsel-3,"('schussinsel-3', '10.07.2020')"
10.07.2020,hypericum-perforatum,schussinsel-3,"('schussinsel-3', '10.07.2020')"
10.07.2020,verbascum-thapsus,schussinsel-3,"('schussinsel-3', '10.07.2020')"
10.07.2020,medicago-sativa,schussinsel-3,"('schussinsel-3', '10.07.2020')"
10.07.2020,erigeron-annuus,schussinsel-3,"('schussinsel-3', '10.07.2020')"
10.07.2020,cirsium-arvense,schussinsel-3,"('schussinsel-3', '10.07.2020')"
2020-09-01,centaurea-jacea,schussinsel-4,"('schussinsel-4', '2020-09-01')"
2020-09-01,erigeron-annuus,schussinsel-4,"('schussinsel-4', '2020-09-01')"
2020-09-01,conyza-canadensis,schussinsel-4,"('schussinsel-4', '2020-09-01')"
2020-09-01,silene-vulgaris,schussinsel-4,"('schussinsel-4', '2020-09-01')"
2020-09-01,lotus-corniculatus,schussinsel-4,"('schussinsel-4', '2020-09-01')"
2020-09-01,salvia-pratensis,schussinsel-4,"('schussinsel-4', '2020-09-01')"
2020-09-01,trifolium-pratense,schussinsel-4,"('schussinsel-4', '2020-09-01')"
2020-09-01,trifolium-repens,schussinsel-4,"('schussinsel-4', '2020-09-01')"
2020-09-01,campanula-rotundifolia,schussinsel-4,"('schussinsel-4', '2020-09-01')"
2020-09-01,calystegia-sepium,schussinsel-4,"('schussinsel-4', '2020-09-01')"
2020-09-01,centaurea-jacea,schussinsel-4,"('schussinsel-4', '2020-09-01')"
2020-09-01,scabiosa-columbaria,schussinsel-4,"('schussinsel-4', '2020-09-01')"
2020-09-01,erigeron-annuus,schussinsel-4,"('schussinsel-4', '2020-09-01')"
2020-09-01,trifolium-pratense,schussinsel-4,"('schussinsel-4', '2020-09-01')"
2020-09-01,silene-vulgaris,schussinsel-4,"('schussinsel-4', '2020-09-01')"
2020-09-01,leucanthemum-vulgare,schussinsel-4,"('schussinsel-4', '2020-09-01')"
2020-09-01,onobrychis-viciifolia,schussinsel-4,"('schussinsel-4', '2020-09-01')"
2020-09-02,rumex-obtusifolius,schussinsel-5,"('schussinsel-5', '2020-09-02')"
2020-09-02,salvia-pratensis,schussinsel-5,"('schussinsel-5', '2020-09-02')"
2020-09-02,centaurea-jacea,schussinsel-5,"('schussinsel-5', '2020-09-02')"
2020-09-02,knautia-arvensis,schussinsel-5,"('schussinsel-5', '2020-09-02')"
2020-09-02,leucanthemum-vulgare,schussinsel-5,"('schussinsel-5', '2020-09-02')"
2020-09-02,succisa-pratensis,schussinsel-5,"('schussinsel-5', '2020-09-02')"
2020-09-02,urtica-dioica,schussinsel-5,"('schussinsel-5', '2020-09-02')"
2020-09-02,rubus-rubus,schussinsel-5,"('schussinsel-5', '2020-09-02')"
2020-09-02,epilobium-hirsutum,schussinsel-5,"('schussinsel-5', '2020-09-02')"
2020-09-02,eupatorium-cannabinum,schussinsel-5,"('schussinsel-5', '2020-09-02')"
2020-09-02,galium-mollugo,schussinsel-5,"('schussinsel-5', '2020-09-02')"
2020-09-02,artemisia-vulgaris,schussinsel-5,"('schussinsel-5', '2020-09-02')"
2020-09-02,potentilla-reptans,schussinsel-5,"('schussinsel-5', '2020-09-02')"
2020-09-02,silene-vulgaris,schussinsel-5,"('schussinsel-5', '2020-09-02')"
2020-09-02,lotus-corniculatus,schussinsel-5,"('schussinsel-5', '2020-09-02')"
2020-09-02,erigeron-annuus,schussinsel-5,"('schussinsel-5', '2020-09-02')"
2020-09-02,medicago-sativa,schussinsel-6,"('schussinsel-6', '2020-09-02')"
2020-09-02,daucus-carota,schussinsel-6,"('schussinsel-6', '2020-09-02')"
2020-09-02,silene-vulgaris,schussinsel-6,"('schussinsel-6', '2020-09-02')"
2020-09-02,epilobium-hirsutum,schussinsel-6,"('schussinsel-6', '2020-09-02')"
2020-09-02,urtica-dioica,schussinsel-6,"('schussinsel-6', '2020-09-02')"
2020-09-02,solidago-canadensis,schussinsel-6,"('schussinsel-6', '2020-09-02')"
2020-09-02,galium-mollugo,schussinsel-6,"('schussinsel-6', '2020-09-02')"
2020-09-02,trifolium-repens,schussinsel-6,"('schussinsel-6', '2020-09-02')"
2020-09-02,clinopodium-vulgare,schussinsel-6,"('schussinsel-6', '2020-09-02')"
2020-09-02,leucanthemum-vulgare,schussinsel-6,"('schussinsel-6', '2020-09-02')"
2020-09-02,trifolium-pratense,schussinsel-6,"('schussinsel-6', '2020-09-02')"
2020-09-02,lotus-corniculatus,schussinsel-6,"('schussinsel-6', '2020-09-02')"
2020-09-02,onobrychis-viciifolia,schussinsel-6,"('schussinsel-6', '2020-09-02')"
09.06.2020,bryonia-dioica,sonnenfeld-1,"('sonnenfeld-1', '09.06.2020')"
18.06.2020,geranium-robertianum,sonnenfeld-1,"('sonnenfeld-1', '18.06.2020')"
18.06.2020,bryonia-dioica,sonnenfeld-1,"('sonnenfeld-1', '18.06.2020')"
18.06.2020,daucus-carota,sonnenfeld-1,"('sonnenfeld-1', '18.06.2020')"
18.06.2020,malva-alcea,sonnenfeld-1,"('sonnenfeld-1', '18.06.2020')"
18.06.2020,senecio-inaequidens,sonnenfeld-1,"('sonnenfeld-1', '18.06.2020')"
04.07.2020,melilotus-albus,sonnenfeld-2,"('sonnenfeld-2', '04.07.2020')"
04.07.2020,daucus-carota,sonnenfeld-2,"('sonnenfeld-2', '04.07.2020')"
04.07.2020,geranium-robertianum,sonnenfeld-2,"('sonnenfeld-2', '04.07.2020')"
04.07.2020,senecio-inaequidens,sonnenfeld-2,"('sonnenfeld-2', '04.07.2020')"
2020-08-14,mentha-spicata,strom,"('strom', '2020-08-14')"
2020-08-14,erigeron-annuus,strom,"('strom', '2020-08-14')"
2020-08-14,verbena-officinalis,strom,"('strom', '2020-08-14')"
2020-08-14,hypericum-perforatum,strom,"('strom', '2020-08-14')"
2020-08-14,lactuca-muralis,strom,"('strom', '2020-08-14')"
2020-08-14,eupatorium-cannabinum,strom,"('strom', '2020-08-14')"
2020-08-14,crepis-biennis,strom,"('strom', '2020-08-14')"
2020-08-14,rubus-rubus,strom,"('strom', '2020-08-14')"
2020-08-14,clematis-vitalba,strom,"('strom', '2020-08-14')"
2020-08-14,saponaria-officinalis,strom,"('strom', '2020-08-14')"
2020-08-26,buddleja-davidii,sundgraben-beach,"('sundgraben-beach', '2020-08-26')"
2020-08-26,cornus-sanguinea,sundgraben-beach,"('sundgraben-beach', '2020-08-26')"
2020-08-26,cotoneaster-horizontalis,sundgraben-beach,"('sundgraben-beach', '2020-08-26')"
2020-08-26,epilobium-angustifolium,sundgraben-beach,"('sundgraben-beach', '2020-08-26')"
2020-08-26,epilobium-parviflorum,sundgraben-beach,"('sundgraben-beach', '2020-08-26')"
2020-08-26,epilobium-fleischeri,sundgraben-beach,"('sundgraben-beach', '2020-08-26')"
2020-08-26,erigeron-annuus,sundgraben-beach,"('sundgraben-beach', '2020-08-26')"
2020-08-26,conyza-canadensis,sundgraben-beach,"('sundgraben-beach', '2020-08-26')"
2020-08-26,eupatorium-cannabinum,sundgraben-beach,"('sundgraben-beach', '2020-08-26')"
2020-08-26,hippocrepis-emerus,sundgraben-beach,"('sundgraben-beach', '2020-08-26')"
2020-08-26,hypochaeris-radicata,sundgraben-beach,"('sundgraben-beach', '2020-08-26')"
2020-08-26,origanum-vulgare,sundgraben-beach,"('sundgraben-beach', '2020-08-26')"
2020-08-26,oxalis-dillenii,sundgraben-beach,"('sundgraben-beach', '2020-08-26')"
2020-08-26,rubus-caesius,sundgraben-beach,"('sundgraben-beach', '2020-08-26')"
2020-08-26,senecio-inaequidens,sundgraben-beach,"('sundgraben-beach', '2020-08-26')"
2020-08-26,silene-vulgaris,sundgraben-beach,"('sundgraben-beach', '2020-08-26')"
2020-08-26,trifolium-medium,sundgraben-beach,"('sundgraben-beach', '2020-08-26')"
2020-09-05,galeopsis-tetrahit,sundgraben-bridge-left,"('sundgraben-bridge-left', '2020-09-05')"
2020-09-05,clinopodium-nepeta,sundgraben-bridge-left,"('sundgraben-bridge-left', '2020-09-05')"
2020-09-05,oxalis-dillenii,sundgraben-bridge-left,"('sundgraben-bridge-left', '2020-09-05')"
2020-09-05,linaria-repens,sundgraben-bridge-left,"('sundgraben-bridge-left', '2020-09-05')"
2020-09-05,oenothera-biennis,sundgraben-bridge-left,"('sundgraben-bridge-left', '2020-09-05')"
2020-09-05,clinopodium-vulgare,sundgraben-bridge-left,"('sundgraben-bridge-left', '2020-09-05')"
2020-09-05,achillea-millefolium,sundgraben-bridge-left,"('sundgraben-bridge-left', '2020-09-05')"
2020-09-05,reseda-lutea,sundgraben-bridge-left,"('sundgraben-bridge-left', '2020-09-05')"
2020-09-05,daucus-carota,sundgraben-bridge-left,"('sundgraben-bridge-left', '2020-09-05')"
2020-09-05,linaria-vulgaris,sundgraben-bridge-left,"('sundgraben-bridge-left', '2020-09-05')"
2020-09-05,lotus-corniculatus,sundgraben-bridge-left,"('sundgraben-bridge-left', '2020-09-05')"
2020-09-05,centaurea-scabiosa,sundgraben-bridge-left,"('sundgraben-bridge-left', '2020-09-05')"
2020-09-05,hypericum-perforatum,sundgraben-bridge-left,"('sundgraben-bridge-left', '2020-09-05')"
2020-09-05,trifolium-medium,sundgraben-bridge-left,"('sundgraben-bridge-left', '2020-09-05')"
2020-09-05,calystegia-sepium,sundgraben-bridge-left,"('sundgraben-bridge-left', '2020-09-05')"
2020-09-05,buddleja-davidii,sundgraben-bridge-left,"('sundgraben-bridge-left', '2020-09-05')"
2020-09-05,cyclamen-purpurascens,sundgraben-bridge-left,"('sundgraben-bridge-left', '2020-09-05')"
2020-09-13,hippocrepis-emerus,sundgraben-forest-left,"('sundgraben-forest-left', '2020-09-13')"
2020-09-13,lysimachia-arvensis,sundgraben-forest-left,"('sundgraben-forest-left', '2020-09-13')"
2020-09-13,ligustrum-vulgare,sundgraben-forest-left,"('sundgraben-forest-left', '2020-09-13')"
2020-09-13,oxalis-dillenii,sundgraben-forest-left,"('sundgraben-forest-left', '2020-09-13')"
2020-09-13,knautia-arvensis,sundgraben-forest-left,"('sundgraben-forest-left', '2020-09-13')"
2020-09-13,trifolium-pratense,sundgraben-forest-right,"('sundgraben-forest-right', '2020-09-13')"
2020-09-13,medicago-sativa,sundgraben-forest-right,"('sundgraben-forest-right', '2020-09-13')"
2020-09-13,centaurea-scabiosa,sundgraben-forest-right,"('sundgraben-forest-right', '2020-09-13')"
2020-09-13,rorippa-sylvestris,sundgraben-forest-right,"('sundgraben-forest-right', '2020-09-13')"
2020-09-13,centaurea-jacea,sundgraben-forest-right,"('sundgraben-forest-right', '2020-09-13')"
2020-09-13,achillea-millefolium,sundgraben-forest-right,"('sundgraben-forest-right', '2020-09-13')"
2020-09-13,erigeron-annuus,sundgraben-forest-right,"('sundgraben-forest-right', '2020-09-13')"
2020-09-13,daucus-carota,sundgraben-forest-right,"('sundgraben-forest-right', '2020-09-13')"
2020-09-13,silene-vulgaris,sundgraben-forest-right,"('sundgraben-forest-right', '2020-09-13')"
2020-09-13,eupatorium-cannabinum,sundgraben-forest-right,"('sundgraben-forest-right', '2020-09-13')"
2020-09-13,conyza-canadensis,sundgraben-forest-right,"('sundgraben-forest-right', '2020-09-13')"
2020-09-05,melampyrum-pratense,sundgraben-forest-right,"('sundgraben-forest-right', '2020-09-05')"
2020-09-13,calystegia-sepium,sundgraben-gorge,"('sundgraben-gorge', '2020-09-13')"
2020-09-13,oenothera-biennis,sundgraben-gorge,"('sundgraben-gorge', '2020-09-13')"
2020-09-13,centaurea-scabiosa,sundgraben-gorge,"('sundgraben-gorge', '2020-09-13')"
2020-09-13,clinopodium-vulgare,sundgraben-gorge,"('sundgraben-gorge', '2020-09-13')"
2020-09-13,linaria-vulgaris,sundgraben-gorge,"('sundgraben-gorge', '2020-09-13')"
2020-09-13,rudbeckia-hirta,sundgraben-gorge,"('sundgraben-gorge', '2020-09-13')"
2020-09-13,eupatorium-cannabinum,sundgraben-gorge,"('sundgraben-gorge', '2020-09-13')"
2020-09-13,antirrhinum-majus,sundgraben-gorge,"('sundgraben-gorge', '2020-09-13')"
2020-09-05,trifolium-pratense,sundgraben-port,"('sundgraben-port', '2020-09-05')"
2020-09-05,daucus-carota,sundgraben-port,"('sundgraben-port', '2020-09-05')"
2020-09-05,verbena-officinalis,sundgraben-port,"('sundgraben-port', '2020-09-05')"
2020-09-05,eupatorium-cannabinum,sundgraben-port,"('sundgraben-port', '2020-09-05')"
2020-09-05,conyza-canadensis,sundgraben-port,"('sundgraben-port', '2020-09-05')"
2020-09-05,oxalis-corniculata,sundgraben-port,"('sundgraben-port', '2020-09-05')"
2020-07-28,crepis-capillaris,sureaux,"('sureaux', '2020-07-28')"
2020-07-28,trifolium-pratense,sureaux,"('sureaux', '2020-07-28')"
2020-07-28,heracleum-sphondylium,sureaux,"('sureaux', '2020-07-28')"
2020-08-09,solanum-nigrum,sureaux,"('sureaux', '2020-08-09')"
2020-08-09,chenopodium-album,sureaux,"('sureaux', '2020-08-09')"
2020-08-09,conyza-canadensis,sureaux,"('sureaux', '2020-08-09')"
2020-08-09,ranunculus-repens,sureaux,"('sureaux', '2020-08-09')"
2020-08-09,geranium-pyrenaicum,sureaux,"('sureaux', '2020-08-09')"
2020-08-09,rubus-caesius,sureaux,"('sureaux', '2020-08-09')"
2020-08-09,filipendula-ulmaria,sureaux,"('sureaux', '2020-08-09')"
2020-08-09,erigeron-annuus,sureaux,"('sureaux', '2020-08-09')"
2020-08-09,erigeron-annuus,sureaux,"('sureaux', '2020-08-09')"
2020-08-09,achillea-millefolium,sureaux,"('sureaux', '2020-08-09')"
2020-08-09,galium-mollugo,sureaux,"('sureaux', '2020-08-09')"
2020-08-09,aethusa-cynapium,sureaux,"('sureaux', '2020-08-09')"
2020-08-09,carduus-crispus,sureaux,"('sureaux', '2020-08-09')"
2020-08-09,rumex-obtusifolius,sureaux,"('sureaux', '2020-08-09')"
2020-08-04,echium-vulgare,lezard-2,"('lezard-2', '2020-08-04')"
2020-08-04,cichorium-intybus,lezard-2,"('lezard-2', '2020-08-04')"
2020-08-13,epilobium-roseum,parc-muni,"('parc-muni', '2020-08-13')"
2020-08-13,epilobium-parviflorum,parc-muni,"('parc-muni', '2020-08-13')"
2020-08-13,veronica-beccabunga,parc-muni,"('parc-muni', '2020-08-13')"
2020-08-13,cyclamen-hederifolium,parc-muni,"('parc-muni', '2020-08-13')"
2020-08-15,solidago-canadensis,salome-2,"('salome-2', '2020-08-15')"
2020-08-08,artemisia-vulgaris,swatch-1,"('swatch-1', '2020-08-08')"
2020-08-08,cirsium-arvense,swatch-1,"('swatch-1', '2020-08-08')"
2020-08-08,galium-mollugo,swatch-1,"('swatch-1', '2020-08-08')"
2020-08-08,lathyrus-sylvestris,swatch-1,"('swatch-1', '2020-08-08')"
2020-08-08,securigera-varia,swatch-1,"('swatch-1', '2020-08-08')"
2020-08-08,silene-vulgaris,swatch-1,"('swatch-1', '2020-08-08')"
2020-08-08,trifolium-pratense,swatch-1,"('swatch-1', '2020-08-08')"
2020-08-31,medicago-sativa,swatch-2,"('swatch-2', '2020-08-31')"
2020-08-31,centaurea-scabiosa,swatch-2,"('swatch-2', '2020-08-31')"
2020-08-31,centaurea-jacea,swatch-2,"('swatch-2', '2020-08-31')"
2020-08-31,leucanthemum-vulgare,swatch-2,"('swatch-2', '2020-08-31')"
2020-08-31,reseda-lutea,swatch-2,"('swatch-2', '2020-08-31')"
2020-08-31,melilotus-albus,swatch-2,"('swatch-2', '2020-08-31')"
2020-08-31,lathyrus-pratensis,swatch-2,"('swatch-2', '2020-08-31')"
2020-08-31,reseda-lutea,swatch-2,"('swatch-2', '2020-08-31')"
2020-08-31,cirsium-vulgare,swatch-2,"('swatch-2', '2020-08-31')"
2020-08-31,rumex-obtusifolius,swatch-2,"('swatch-2', '2020-08-31')"
2020-08-31,trifolium-repens,swatch-2,"('swatch-2', '2020-08-31')"
2020-08-31,mentha-spicata,swatch-2,"('swatch-2', '2020-08-31')"
2020-08-31,clematis-vitalba,swatch-2,"('swatch-2', '2020-08-31')"
2020-08-31,calystegia-sepium,swatch-2,"('swatch-2', '2020-08-31')"
2020-08-31,daucus-carota,swatch-2,"('swatch-2', '2020-08-31')"
2020-08-31,cirsium-arvense,swatch-2,"('swatch-2', '2020-08-31')"
2020-08-31,trifolium-pratense,swatch-2,"('swatch-2', '2020-08-31')"
2020-08-31,silene-vulgaris,swatch-2,"('swatch-2', '2020-08-31')"
2020-08-31,erigeron-annuus,swatch-2,"('swatch-2', '2020-08-31')"
2020-08-18,galeopsis-tetrahit,taubenloch-1,"('taubenloch-1', '2020-08-18')"
2020-08-18,epilobium-collinum,taubenloch-1,"('taubenloch-1', '2020-08-18')"
2020-08-18,geranium-robertianum,taubenloch-1,"('taubenloch-1', '2020-08-18')"
2020-08-18,hylotelephium-telephium,taubenloch-1,"('taubenloch-1', '2020-08-18')"
2020-08-18,lactuca-muralis,taubenloch-1,"('taubenloch-1', '2020-08-18')"
2020-08-18,lapsana-communis,taubenloch-1,"('taubenloch-1', '2020-08-18')"
2020-08-18,galeopsis-tetrahit,taubenloch-1,"('taubenloch-1', '2020-08-18')"
2020-08-18,campanula-trachelium,taubenloch-1,"('taubenloch-1', '2020-08-18')"
2020-08-22,campanula-trachelium,taubenloch-2,"('taubenloch-2', '2020-08-22')"
2020-08-22,solanum-dulcamara,taubenloch-2,"('taubenloch-2', '2020-08-22')"
2020-08-22,galeopsis-tetrahit,taubenloch-2,"('taubenloch-2', '2020-08-22')"
2020-08-22,salvia-glutinosa,taubenloch-2,"('taubenloch-2', '2020-08-22')"
2020-08-22,campanula-rotundifolia,taubenloch-2,"('taubenloch-2', '2020-08-22')"
2020-08-22,geranium-robertianum,taubenloch-2,"('taubenloch-2', '2020-08-22')"
2020-08-22,campanula-rapunculoides,taubenloch-2,"('taubenloch-2', '2020-08-22')"
2020-08-22,salvia-glutinosa,taubenloch-2,"('taubenloch-2', '2020-08-22')"
2020-08-22,galeopsis-tetrahit,taubenloch-2,"('taubenloch-2', '2020-08-22')"
2020-08-22,campanula-rhomboidalis,taubenloch-2,"('taubenloch-2', '2020-08-22')"
2020-08-22,lactuca-muralis,taubenloch-2,"('taubenloch-2', '2020-08-22')"
2020-08-22,geranium-robertianum,taubenloch-2,"('taubenloch-2', '2020-08-22')"
2020-08-22,geranium-robertianum,taubenloch-2,"('taubenloch-2', '2020-08-22')"
2020-09-22,rubus-caesius,transjurane-tunnel,"('transjurane-tunnel', '2020-09-22')"
2020-09-22,hylotelephium-telephium,transjurane-tunnel,"('transjurane-tunnel', '2020-09-22')"
2020-08-08,artemisia-vulgaris,truite-1,"('truite-1', '2020-08-08')"
2020-08-08,carduus-personata,truite-1,"('truite-1', '2020-08-08')"
2020-08-08,chaenorhinum-minus,truite-1,"('truite-1', '2020-08-08')"
2020-08-08,cirsium-arvense,truite-1,"('truite-1', '2020-08-08')"
2020-08-08,daucus-carota,truite-1,"('truite-1', '2020-08-08')"
2020-08-08,dipsacus-pilosus,truite-1,"('truite-1', '2020-08-08')"
2020-08-08,epilobium-hirsutum,truite-1,"('truite-1', '2020-08-08')"
2020-08-08,eupatorium-cannabinum,truite-1,"('truite-1', '2020-08-08')"
2020-08-08,galeopsis-tetrahit,truite-1,"('truite-1', '2020-08-08')"
2020-08-08,galium-mollugo,truite-1,"('truite-1', '2020-08-08')"
2020-08-08,geranium-pyrenaicum,truite-1,"('truite-1', '2020-08-08')"
2020-08-08,geranium-robertianum,truite-1,"('truite-1', '2020-08-08')"
2020-08-08,knautia-arvensis,truite-1,"('truite-1', '2020-08-08')"
2020-08-08,lactuca-serriola,truite-1,"('truite-1', '2020-08-08')"
2020-08-08,lapsana-communis,truite-1,"('truite-1', '2020-08-08')"
2020-08-08,leontodon-hispidus,truite-1,"('truite-1', '2020-08-08')"
2020-08-08,pastinaca-sativa,truite-1,"('truite-1', '2020-08-08')"
2020-08-08,polygonum-persicaria,truite-1,"('truite-1', '2020-08-08')"
2020-08-08,silene-vulgaris,truite-1,"('truite-1', '2020-08-08')"
2020-08-08,solanum-dulcamara,truite-1,"('truite-1', '2020-08-08')"
2020-08-08,urtica-dioica,truite-1,"('truite-1', '2020-08-08')"
2020-08-08,veronica-persica,truite-1,"('truite-1', '2020-08-08')"
2020-08-22,petasites-hybridus,truite-2,"('truite-2', '2020-08-22')"
2020-08-22,clematis-vitalba,truite-2,"('truite-2', '2020-08-22')"
2020-08-22,salix-nigra,truite-2,"('truite-2', '2020-08-22')"
2020-08-22,solanum-dulcamara,truite-2,"('truite-2', '2020-08-22')"
2020-08-22,rumex-obtusifolius,truite-2,"('truite-2', '2020-08-22')"
2020-08-22,epilobium-hirsutum,truite-2,"('truite-2', '2020-08-22')"
2020-08-22,polygonum-aviculare,truite-2,"('truite-2', '2020-08-22')"
2020-08-22,rorippa-islandica,truite-2,"('truite-2', '2020-08-22')"
2020-08-22,tussilago-farfara,truite-2,"('truite-2', '2020-08-22')"
2020-08-22,urtica-dioica,truite-2,"('truite-2', '2020-08-22')"
2020-08-22,mentha-spicata,truite-2,"('truite-2', '2020-08-22')"
2020-08-22,persicaria-lapathifolia,truite-2,"('truite-2', '2020-08-22')"
2020-08-22,lathyrus-latifolius,truite-2,"('truite-2', '2020-08-22')"
2020-08-06,phlox-pilosa,truite-3,"('truite-3', '2020-08-06')"
2020-08-06,urtica-dioica,truite-3,"('truite-3', '2020-08-06')"
2020-08-06,salix-purpurea,truite-3,"('truite-3', '2020-08-06')"
2020-08-06,rosa-spinosissima,truite-3,"('truite-3', '2020-08-06')"
2020-08-06,sambucus-nigra,truite-3,"('truite-3', '2020-08-06')"
2020-08-06,rubus-rubus,truite-3,"('truite-3', '2020-08-06')"
2020-08-06,daucus-carota,truite-3,"('truite-3', '2020-08-06')"
2020-08-06,trifolium-pratense,truite-3,"('truite-3', '2020-08-06')"
2020-08-06,silene-vulgaris,truite-3,"('truite-3', '2020-08-06')"
2020-08-06,centaurea-scabiosa,truite-3,"('truite-3', '2020-08-06')"
2020-08-06,lotus-corniculatus,truite-3,"('truite-3', '2020-08-06')"
2020-08-06,chenopodium-album,truite-3,"('truite-3', '2020-08-06')"
2020-08-06,leucanthemum-vulgare,truite-3,"('truite-3', '2020-08-06')"
2020-08-06,centaurea-jacea,truite-3,"('truite-3', '2020-08-06')"
2020-08-06,cirsium-arvense,truite-3,"('truite-3', '2020-08-06')"
2020-08-06,galium-mollugo,truite-3,"('truite-3', '2020-08-06')"
2020-08-03,centaurea-jacea,truite-4,"('truite-4', '2020-08-03')"
2020-08-03,salvia-pratensis,truite-4,"('truite-4', '2020-08-03')"
2020-08-03,cichorium-intybus,truite-4,"('truite-4', '2020-08-03')"
2020-08-06,hypericum-perforatum,truite-4,"('truite-4', '2020-08-06')"
2020-08-06,silene-latifolia,truite-4,"('truite-4', '2020-08-06')"
2020-08-06,knautia-arvensis,truite-4,"('truite-4', '2020-08-06')"
2020-08-06,cirsium-arvense,truite-4,"('truite-4', '2020-08-06')"
2020-08-06,rumex-obtusifolius,truite-4,"('truite-4', '2020-08-06')"
2020-08-06,clinopodium-vulgare,truite-4,"('truite-4', '2020-08-06')"
2020-08-06,echium-vulgare,truite-4,"('truite-4', '2020-08-06')"
2020-08-29,trifolium-repens,truite-5,"('truite-5', '2020-08-29')"
2020-08-29,lotus-corniculatus,truite-5,"('truite-5', '2020-08-29')"
2020-08-29,rubus-rubus,truite-5,"('truite-5', '2020-08-29')"
2020-08-29,clematis-vitalba,truite-5,"('truite-5', '2020-08-29')"
2020-08-29,lamium-maculatum,truite-5,"('truite-5', '2020-08-29')"
2020-08-29,verbena-officinalis,truite-5,"('truite-5', '2020-08-29')"
2020-08-29,trifolium-pratense,truite-5,"('truite-5', '2020-08-29')"
2020-08-29,senecio-jacobaea,truite-5,"('truite-5', '2020-08-29')"
2020-08-29,galium-mollugo,truite-5,"('truite-5', '2020-08-29')"
2020-08-29,ranunculus-acris,truite-5,"('truite-5', '2020-08-29')"
2020-08-29,silene-vulgaris,truite-5,"('truite-5', '2020-08-29')"
2020-08-29,linaria-vulgaris,truite-5,"('truite-5', '2020-08-29')"
2020-08-29,potentilla-reptans,truite-5,"('truite-5', '2020-08-29')"
2020-08-29,rapistrum-rugosum,truite-5,"('truite-5', '2020-08-29')"
2020-08-29,malva-moschata,truite-5,"('truite-5', '2020-08-29')"
2020-08-29,daucus-carota,truite-5,"('truite-5', '2020-08-29')"
2020-08-29,medicago-sativa,truite-5,"('truite-5', '2020-08-29')"
2020-08-29,reseda-lutea,truite-5,"('truite-5', '2020-08-29')"
2020-08-25,angelica-sylvestris,twann-estuary,"('twann-estuary', '2020-08-25')"
2020-08-25,calystegia-sepium,twann-estuary,"('twann-estuary', '2020-08-25')"
2020-08-25,cornus-sanguinea,twann-estuary,"('twann-estuary', '2020-08-25')"
2020-08-25,cymbalaria-muralis,twann-estuary,"('twann-estuary', '2020-08-25')"
2020-08-25,daucus-carota,twann-estuary,"('twann-estuary', '2020-08-25')"
2020-08-25,epilobium-hirsutum,twann-estuary,"('twann-estuary', '2020-08-25')"
2020-08-25,erigeron-annuus,twann-estuary,"('twann-estuary', '2020-08-25')"
2020-08-25,galium-mollugo,twann-estuary,"('twann-estuary', '2020-08-25')"
2020-08-25,geranium-rotundifolium,twann-estuary,"('twann-estuary', '2020-08-25')"
2020-08-25,heracleum-sphondylium,twann-estuary,"('twann-estuary', '2020-08-25')"
2020-08-25,hieracium-morulum,twann-estuary,"('twann-estuary', '2020-08-25')"
2020-08-25,lactuca-serriola,twann-estuary,"('twann-estuary', '2020-08-25')"
2020-08-25,lathyrus-latifolius,twann-estuary,"('twann-estuary', '2020-08-25')"
2020-08-25,lycopus-europaeus,twann-estuary,"('twann-estuary', '2020-08-25')"
2020-08-25,rubus-rubus,twann-estuary,"('twann-estuary', '2020-08-25')"
2020-08-25,rubus-caesius,twann-estuary,"('twann-estuary', '2020-08-25')"
2020-08-25,silene-vulgaris,twann-estuary,"('twann-estuary', '2020-08-25')"
2020-08-25,trifolium-pratense,twann-estuary,"('twann-estuary', '2020-08-25')"
2020-08-25,urtica-dioica,twann-estuary,"('twann-estuary', '2020-08-25')"
2020-08-25,verbascum-densiflorum,twann-estuary,"('twann-estuary', '2020-08-25')"
2020-08-25,vicia-cracca,twann-estuary,"('twann-estuary', '2020-08-25')"
2020-08-05,pseudofumaria-lutea,twann-gorges,"('twann-gorges', '2020-08-05')"
2020-08-10,hippocrepis-emerus,weissenau,"('weissenau', '2020-08-10')"
2020-08-10,lactuca-muralis,weissenau,"('weissenau', '2020-08-10')"
2020-08-10,calystegia-sepium,weissenau,"('weissenau', '2020-08-10')"
2020-08-10,viburnum-opulus,weissenau,"('weissenau', '2020-08-10')"
2020-08-10,mentha-aquatica,weissenau,"('weissenau', '2020-08-10')"
2020-08-10,aria-edulis,weissenau,"('weissenau', '2020-08-10')"
2020-08-10,allium-carinatum,weissenau,"('weissenau', '2020-08-10')"
2020-08-10,viburnum-lantana,weissenau,"('weissenau', '2020-08-10')"
2020-08-10,filipendula-ulmaria,weissenau,"('weissenau', '2020-08-10')"
2020-08-10,lythrum-salicaria,weissenau,"('weissenau', '2020-08-10')"
2020-08-10,lysimachia-vulgaris,weissenau,"('weissenau', '2020-08-10')"
